"","baseMean","log2FoldChange","lfcSE","stat","pvalue","padj"
"NODE_3_length_17292_cov_16.853993_12",108.19041221132,-1.03902260008847,0.233956164239708,-4.44109948316601,8.95004033705197e-06,0.000203275680296723
"NODE_4_length_10523_cov_3.619854_3",14.8633645304895,-1.94987783456755,0.634909120937871,-3.07111328261789,0.00213262222077792,0.0195220075913416
"NODE_4_length_10523_cov_3.619854_5",64.91955251006,-2.06744424313416,0.30948970702429,-6.68017125032173,2.38663193375362e-11,1.49241983909398e-09
"NODE_5_length_10358_cov_3.958082_3",110.463826086425,-4.57495877364123,0.356454098665141,-12.8346364672861,1.04894179543986e-37,3.60761053217353e-35
"NODE_7_length_9282_cov_1.796632_1",19.7698499076662,-5.32464138781475,0.983917111254174,-5.41167678345136,6.2437311983657e-08,2.3125819784716e-06
"NODE_7_length_9282_cov_1.796632_4",5.9332301372485,-5.04453930894698,1.47148925093007,-3.42818631244404,0.00060762829654518,0.0069494780234324
"NODE_7_length_9282_cov_1.796632_5",11.7314360030885,-5.13040214700672,1.21234828376189,-4.23178901287934,2.3183983967916e-05,0.000446523531222061
"NODE_7_length_9282_cov_1.796632_7",24.5389750383099,-7.10898825387965,1.25671951199866,-5.65678195174486,1.54237508483421e-08,6.57215578183781e-07
"NODE_8_length_8928_cov_2.791441_1",15.544636998856,-2.0112249024073,0.628380414609797,-3.20064861292057,0.00137118638255148,0.0133379039030007
"NODE_8_length_8928_cov_2.791441_2",238.053830164658,-2.00760699696805,0.184125841315183,-10.9034505022653,1.10967692064219e-27,2.67154718644606e-25
"NODE_8_length_8928_cov_2.791441_3",120.997078976073,-2.01923641140706,0.234712293246184,-8.60302791762651,7.76400805920334e-18,1.06810568014469e-15
"NODE_8_length_8928_cov_2.791441_4",219.491380926592,-2.64600033160111,0.1775004775212,-14.9070040179755,2.96772954568839e-50,1.7862022203112e-47
"NODE_9_length_7780_cov_5.665844_2",26.3584452014805,1.62686697906237,0.477817599466446,3.4047866400882,0.000662157668429611,0.00746861911600485
"NODE_13_length_6876_cov_4.414473_3",426.099222530458,-1.82888138883953,0.126902647268984,-14.4116882365978,4.36898822144922e-47,2.33740869847534e-44
"NODE_13_length_6876_cov_4.414473_4",9.66096985348685,-3.41746621035309,0.943187407691163,-3.62331619621464,0.000290849908192711,0.00379523660690489
"NODE_14_length_6779_cov_6.132309_2",40.8921897372129,-2.08395674815312,0.391843988355218,-5.31833283164714,1.04722373535158e-07,3.5761576494453e-06
"NODE_15_length_6718_cov_2.778196_2",307.63708502122,1.00014248647985,0.145851601037008,6.85726093761611,7.01933502366982e-12,4.97030854984856e-10
"NODE_21_length_6299_cov_2.878252_2",120.410579744132,-1.17086475551485,0.24314805387408,-4.81543955157957,1.46876222069055e-06,3.95088831990224e-05
"NODE_25_length_5773_cov_1.666081_4",355.882972736946,-4.72800305118509,0.201341218162891,-23.482539215393,6.15154665988463e-122,2.96196971673445e-118
"NODE_25_length_5773_cov_1.666081_5",124.111191793826,-2.29970157189313,0.247891883218237,-9.2770345766769,1.74260928446534e-20,2.99666560882165e-18
"NODE_27_length_5563_cov_1.154575_2",7.38404683453528,-3.0816378423838,1.07980136932274,-2.85389325290135,0.00431870400531551,0.0346575996426569
"NODE_30_length_5058_cov_4.664863_1",72.9248371704954,-1.2167633139908,0.291636067763395,-4.17219764112978,3.01675780292853e-05,0.000550987620024825
"NODE_32_length_4886_cov_0.993145_7",3.31940044210239,-5.20444084479836,1.69962058550494,-3.06211921012487,0.00219775906808015,0.0199288322275064
"NODE_34_length_4839_cov_2.183746_1",123.544024145904,-1.54033703692944,0.221478338022821,-6.95479770473414,3.53068303828112e-12,2.61542135835748e-10
"NODE_35_length_4801_cov_1.576630_1",62.1578055615222,3.01082376578099,0.407891444427254,7.38143397444553,1.56593667942947e-13,1.39629353915795e-11
"NODE_35_length_4801_cov_1.576630_2",184.388422861626,1.57040978847339,0.181004187241321,8.67609646167837,4.09584794631737e-18,5.8004434886818e-16
"NODE_40_length_4430_cov_4.451309_2",1108.0466046805,-1.01485004198447,0.0910864635931805,-11.141612067816,7.8682061271987e-29,2.10474513902565e-26
"NODE_40_length_4430_cov_4.451309_3",63.1079330230934,-1.32762804831416,0.304014292851849,-4.36699220901807,1.25969218996301e-05,0.000268381322773093
"NODE_40_length_4430_cov_4.451309_4",1065.34850668704,-1.39594359962121,0.0837270142421525,-16.6725591764673,2.07516319806354e-62,1.99838215973519e-59
"NODE_45_length_4356_cov_2.722092_2",86.938185983279,-1.04987160181941,0.274399374425106,-3.8260714114928,0.000130204532955466,0.00191138666518465
"NODE_47_length_4226_cov_7.874518_1",85.0322076465712,1.94652216210668,0.280331943009216,6.94363311298665,3.82142184320747e-12,2.74629047388716e-10
"NODE_52_length_4099_cov_1.170144_1",26.7869216725812,-1.7239738117847,0.518367814323096,-3.32577325240752,0.000881736260826441,0.00937209734189694
"NODE_52_length_4099_cov_1.170144_3",9.50251988884691,-3.40069000797638,0.998817183107419,-3.40471716495354,0.000662326139674781,0.00746861911600485
"NODE_52_length_4099_cov_1.170144_4",13.8183333642511,-2.45850583996054,0.710049717886583,-3.4624418234798,0.000535297625272721,0.00622574412001969
"NODE_58_length_3903_cov_1.302119_1",24.0379270619588,-2.92262016993841,0.564648748631065,-5.17599689545761,2.26697226018305e-07,7.08796846284507e-06
"NODE_61_length_3852_cov_1.401272_3",8.33480055995495,2.62571008965411,0.93765215023524,2.80030295776036,0.00510546659960627,0.0395222213458266
"NODE_62_length_3847_cov_0.898701_2",77.6599946823079,-1.56670758292664,0.284655503500797,-5.50387244813012,3.71538401096523e-08,1.46635852563915e-06
"NODE_64_length_3810_cov_1.418586_6",14.5676955432992,2.22478925669871,0.68048073730562,3.26943752369512,0.00107761531785851,0.0110633640841977
"NODE_64_length_3810_cov_1.418586_7",50.4506498008676,2.12705467205972,0.364176841267894,5.84071920843266,5.19759446824002e-09,2.31726086709034e-07
"NODE_64_length_3810_cov_1.418586_8",24.5159859307379,2.45233799854927,0.574514613202677,4.2685389408609,1.96757482511341e-05,0.000388273474709879
"NODE_64_length_3810_cov_1.418586_9",23.2156983848445,2.72565925481971,0.54830733304193,4.97104286331197,6.65937233524353e-07,1.94332592692107e-05
"NODE_64_length_3810_cov_1.418586_11",10.829594627411,2.12209634301352,0.755827887380103,2.80764493933832,0.00499052166743765,0.0390087042673901
"NODE_72_length_3555_cov_1.289738_1",32.4904667323145,1.89045098528767,0.475974477126303,3.97174864648472,7.13469785988638e-05,0.0011645278032323
"NODE_72_length_3555_cov_1.289738_2",13.1892858473655,2.91074065619969,0.791779810186708,3.6761996438294,0.000236734283131449,0.00318400998122326
"NODE_73_length_3534_cov_1.471796_1",194.031167834807,1.11499452257821,0.208476882838019,5.3482885363579,8.8789835689871e-08,3.10643804884065e-06
"NODE_81_length_3382_cov_1.618154_5",38.6780128017112,-1.1593230110495,0.381368663705855,-3.03990107573094,0.00236655866380582,0.0211410934375826
"NODE_82_length_3356_cov_2.117145_3",3.38736633215673,-5.24859960761671,1.74681415992201,-3.00466971704136,0.00265869383294563,0.0231913239232485
"NODE_84_length_3289_cov_1.478518_2",30.6446566242266,-1.31020169478148,0.457337395665206,-2.86484706302175,0.00417210686193431,0.0337625118322919
"NODE_93_length_3100_cov_1.281508_2",5.52785138377452,3.92269315689929,1.39900029747608,2.80392589192167,0.00504845075025415,0.0392702590670012
"NODE_99_length_3023_cov_2.039036_3",136.512936664794,-2.94095459747574,0.23991162778801,-12.258491281108,1.51290445060337e-34,4.55289683103452e-32
"NODE_99_length_3023_cov_2.039036_4",162.962137206221,-2.85538438458156,0.231177685201523,-12.3514706105499,4.78290400044297e-35,1.53531218414219e-32
"NODE_99_length_3023_cov_2.039036_5",110.713739232057,-2.94608353338824,0.280726335136329,-10.4945035953166,9.15576912912426e-26,2.00386492530606e-23
"NODE_123_length_2732_cov_0.783886_2",15.4872612596446,2.11162268021843,0.655189011238898,3.22292139214233,0.00126890370955389,0.0125200232817663
"NODE_127_length_2664_cov_5.872398_1",58.0179360984504,-1.50903720204712,0.317450103995557,-4.75362012188295,1.99806300526991e-06,5.28608426943659e-05
"NODE_130_length_2628_cov_1.437304_1",48.3237128600571,-1.24009697262963,0.350432960627684,-3.5387566580735,0.000402016259574717,0.00497611385566134
"NODE_137_length_2542_cov_1.376723_1",4.80670785487472,-5.76087921484425,1.58505650929679,-3.63449453130227,0.000278526164900275,0.00367425612053376
"NODE_142_length_2517_cov_1.492226_1",2.59760714164891,-4.89256930112728,1.79672091770459,-2.72305467861853,0.00646813516236949,0.048193269420572
"NODE_155_length_2380_cov_0.732523_4",41.2927967919513,1.66663768235745,0.388564635360319,4.28921608064502,1.7930486402404e-05,0.000366063166616404
"NODE_158_length_2361_cov_1.587128_2",6.75416063394117,6.17398331007405,1.44069339329513,4.28542487860863,1.82390272667092e-05,0.000370552389405928
"NODE_158_length_2361_cov_1.587128_3",20.6404767055071,2.17958936151035,0.553006172852721,3.94134725525175,8.10252247520223e-05,0.00128757906660392
"NODE_166_length_2287_cov_2.201357_4",38.0691941443736,-1.2287809527012,0.381098972933091,-3.22430927389808,0.0012627694128154,0.0125107210370804
"NODE_168_length_2266_cov_6.221106_1",34.3450636024423,1.25839313549255,0.42592582466423,2.95448893357095,0.00313187385574385,0.0266902170184189
"NODE_200_length_2038_cov_0.682790_2",21.3922259642161,-2.29515571785147,0.567980884809986,-4.04090309944021,5.32457575903953e-05,0.000902740573231527
"NODE_211_length_2000_cov_1.144566_2",42.5546267927504,-3.11190879174459,0.426949505445377,-7.28870452373138,3.12949543588892e-13,2.64360009189564e-11
"NODE_211_length_2000_cov_1.144566_3",35.5329007168477,-2.38413456351714,0.459797696002376,-5.18518162279964,2.15804453234411e-07,6.85629094220359e-06
"NODE_230_length_1908_cov_0.795194_1",93.1224544928934,-1.15398877368774,0.254711366857803,-4.53057430425542,5.8823560976709e-06,0.000141617723051427
"NODE_248_length_1849_cov_0.886005_1",52.909123994973,1.70296368373555,0.365899364738525,4.65418595343149,3.25263165749775e-06,8.28646636552999e-05
"NODE_248_length_1849_cov_0.886005_2",28.0147517383503,-1.51804482810301,0.470898211195562,-3.22372179806938,0.00126536264694873,0.0125107210370804
"NODE_263_length_1781_cov_1.570423_1",23.9675404292634,3.16393255078171,0.620907592598072,5.09565769286671,3.47532593117784e-07,1.05909457965957e-05
"NODE_327_length_1641_cov_0.898338_2",8.6144808685274,2.9289271151841,0.934183608293959,3.13527992696534,0.00171690195193697,0.0161778530304824
"NODE_334_length_1619_cov_10.199611_1",16.3861719741589,-5.06700415641437,1.00406551419043,-5.04648758950742,4.50006108857284e-07,1.34582572307318e-05
"NODE_365_length_1549_cov_1.461957_2",12.9779896560317,-3.58835484106466,0.845315722576764,-4.2449876953978,2.18605416603247e-05,0.000424429468122836
"NODE_370_length_1534_cov_1.343857_3",59.9767445078332,1.84726731906559,0.338680506604766,5.45430658996067,4.91643133484925e-08,1.87877911724596e-06
"NODE_386_length_1520_cov_0.641026_1",19.6200643178823,2.71068140957787,0.633964731847666,4.27576058005261,1.90485850058187e-05,0.000380576501257332
"NODE_453_length_1437_cov_1.608088_1",53.3328802743232,1.64606379565555,0.334220857557903,4.92507800884442,8.43267063023873e-07,2.43133587332931e-05
"NODE_479_length_1387_cov_7.654962_1",17.9659401741972,-2.11672743374146,0.609682213944508,-3.47185367282851,0.000516877988436164,0.00605559403258349
"NODE_489_length_1380_cov_0.866462_1",23.7003900745413,1.71888736338217,0.529862910902715,3.24402279913072,0.00117854312474773,0.0118966145611328
"NODE_506_length_1362_cov_1.211673_1",10.2385127729322,4.27018886377986,1.06444075917761,4.0116735731531,6.02898254368228e-05,0.000997579070372171
"NODE_507_length_1359_cov_2.227769_1",32.6071666557422,1.85237567728798,0.439539124008387,4.21435903224086,2.50488545551379e-05,0.000467595100904124
"NODE_517_length_1344_cov_1.385951_1",55.4242660596737,2.79886423779688,0.379674145080587,7.37175357885591,1.68398078149485e-13,1.47424862961776e-11
"NODE_518_length_1343_cov_1.095577_1",6.83861726684495,-6.28708382406118,1.45106174375006,-4.33274728049346,1.47260115574139e-05,0.000308883962930451
"NODE_518_length_1343_cov_1.095577_2",5.13371335310285,-5.87829195255406,1.53126117876375,-3.83885651518957,0.00012360863553546,0.0018369616669853
"NODE_529_length_1329_cov_0.851438_1",7.7129810480229,4.44814439232581,1.28120482412257,3.47184486709385,0.000516894942345133,0.00605559403258349
"NODE_571_length_1289_cov_0.497115_1",5.82570533239881,-6.05894885770395,1.48889855376603,-4.06941684668738,4.7130956901724e-05,0.000813389094916849
"NODE_587_length_1278_cov_0.512073_2",6.67322791966837,3.56799127001156,1.18288564257777,3.01634506463035,0.00255841928311961,0.0223977979058563
"NODE_590_length_1270_cov_1.007544_2",23.2443420948318,-1.9329749389075,0.511979192550707,-3.77549511197383,0.000159690156156599,0.00226816549231275
"NODE_590_length_1270_cov_1.007544_3",20.1275834031553,-2.37963743849501,0.609727186290801,-3.90279044792349,9.50900248596744e-05,0.00146280661245793
"NODE_620_length_1243_cov_0.679245_1",10.1481597850181,2.90434441459207,0.871981109025618,3.33074235729428,0.000866147284682557,0.00924747431971438
"NODE_635_length_1222_cov_1.834061_2",40.8322875571893,2.41286024020692,0.422524074775545,5.71058641212027,1.12587552999026e-08,4.84025953294922e-07
"NODE_635_length_1222_cov_1.834061_3",40.8121622373757,2.21396478836717,0.399163163395383,5.54651578951982,2.91418322357013e-08,1.17914220348657e-06
"NODE_636_length_1219_cov_0.885289_1",11.3322722598382,-2.28988915407478,0.815314983325991,-2.80859447073255,0.00497582810658208,0.0389570932247036
"NODE_638_length_1218_cov_2.899211_2",108.457774046899,-1.90678936155128,0.237271043935118,-8.03633401668977,9.25661964587388e-16,1.01296871806552e-13
"NODE_656_length_1207_cov_1.082301_1",46.6376027242919,-3.45811715391528,0.440723550572805,-7.84645419883007,4.2796494774777e-15,4.57922494090114e-13
"NODE_659_length_1206_cov_0.740248_1",35.3081593705514,-1.77563831334568,0.414822597210016,-4.28047634166542,1.86493712957166e-05,0.000375718505392785
"NODE_668_length_1196_cov_1.282395_1",51.8179350118954,1.33229785586939,0.331049066825904,4.02447247063238,5.71031731594142e-05,0.000957608364726923
"NODE_675_length_1189_cov_3.408273_1",28.7194171928037,-1.4970610606311,0.447753392100622,-3.34349462682501,0.000827302961278844,0.0089516039518149
"NODE_675_length_1189_cov_3.408273_2",14.7170994670499,-2.65010998508466,0.667436341767004,-3.9705808917576,7.16976073943858e-05,0.00116629722839178
"NODE_690_length_1178_cov_2.321526_1",11.7352892508552,1.99984167044452,0.716799940041894,2.78995792093348,0.00527148922717245,0.0404820105723052
"NODE_690_length_1178_cov_2.321526_2",22.114292078584,1.56959139606818,0.506107991565481,3.10129739546922,0.00192674673984796,0.018014146703627
"NODE_711_length_1161_cov_0.677122_1",60.1471686334353,9.17299639508415,1.2097423181228,7.58260354925685,3.38688573162873e-14,3.19761858780242e-12
"NODE_715_length_1159_cov_0.652495_1",38.6350571553935,1.40598297090788,0.383174251034363,3.66930441466902,0.00024321133002005,0.00326201268536641
"NODE_720_length_1155_cov_12.758813_1",5.89910547366004,4.09973847297038,1.35411698450562,3.02761025811013,0.00246495772738245,0.0217376766618068
"NODE_737_length_1146_cov_0.659495_1",60.1770546475846,-1.22282588348307,0.319286103868304,-3.82987505145995,0.000128208341444346,0.0018878384221851
"NODE_757_length_1133_cov_1.012311_2",18.7183506758292,-1.98671794723371,0.604557408928542,-3.28623538127631,0.00101536124669358,0.0105821740320987
"NODE_757_length_1133_cov_1.012311_3",30.9965483796187,-4.51622287257966,0.649593052586352,-6.95238789053906,3.59154232779883e-12,2.62019338005324e-10
"NODE_758_length_1133_cov_0.843750_1",8.70120756577265,4.6172161524673,1.2391453648848,3.7261295432409,0.000194442500217118,0.00266735224656815
"NODE_831_length_1096_cov_1.326791_1",14.163804986545,5.33349309661987,1.16639013201099,4.57264936511794,4.81595682482206e-06,0.000117709807672681
"NODE_854_length_1084_cov_1.345581_1",53.300764808226,-1.34097169508467,0.40260535166787,-3.3307348984047,0.000866170491836175,0.00924747431971438
"NODE_857_length_1079_cov_0.875498_1",6.48481494217109,-3.15702761673008,1.10565858757771,-2.85533676688255,0.00429912159901552,0.0346158369552838
"NODE_908_length_1052_cov_0.568205_1",72.9301792834216,-3.40711362283714,0.368900092198848,-9.23587088994438,2.56193316076133e-20,4.25369247209166e-18
"NODE_908_length_1052_cov_0.568205_2",129.654419378445,-3.33005722475635,0.251722050433738,-13.2291041607932,5.95934206133396e-40,2.20724861733254e-37
"NODE_931_length_1037_cov_0.779167_1",72.7707733426113,-1.14010341617893,0.289947035106038,-3.9321092411308,8.42037831769524e-05,0.00132065542670041
"NODE_944_length_1030_cov_1.495278_1",2.84115028809502,-4.92923502031926,1.75058000765345,-2.81577248612967,0.00486601128306945,0.03840958086554
"NODE_952_length_1027_cov_0.972632_1",25.5396527133871,-2.46498179992628,0.533011525598834,-4.62463132885708,3.75265260557217e-06,9.46022109729319e-05
"NODE_968_length_1018_cov_1.383634_1",11.0938691400984,-3.60418927983177,0.934741697485382,-3.85581309738044,0.000115345593524602,0.00172481066093466
"NODE_987_length_1009_cov_0.898069_2",34.6970480171928,-1.3116763961522,0.401515113206512,-3.26681699644408,0.00108763963986523,0.0111425209913853
"NODE_1074_length_970_cov_1.360582_2",7.51872992745779,3.38255865323626,1.10582817576534,3.05884650741079,0.0022219095940054,0.0200722226925629
"NODE_1114_length_953_cov_0.946347_1",17.0976308857884,2.15009849400338,0.612856603692391,3.50832230745215,0.00045094236505095,0.00541468201426515
"NODE_1132_length_942_cov_0.669364_1",21.6461576700553,6.88300589712832,1.26876770346304,5.42495358160639,5.79696028416551e-08,2.16374912932224e-06
"NODE_1159_length_931_cov_1.365340_1",34.5301070151542,-4.64079605724077,0.653947383563219,-7.0965893799499,1.27873259573041e-12,9.93080233619663e-11
"NODE_1175_length_923_cov_0.434988_1",4.08692972913884,5.36937697108078,1.6384674268224,3.27707275908072,0.00104889336667636,0.0108845292253161
"NODE_1181_length_919_cov_0.603325_2",78.7083792220091,-1.18554074753923,0.280384893068038,-4.22826185307904,2.35503611439151e-05,0.000450614938465988
"NODE_1209_length_904_cov_0.795647_1",13.4979363065343,-1.82597992610411,0.674409551362248,-2.70752382200962,0.00677872056454257,0.0498313580431641
"NODE_1267_length_885_cov_9.889851_1",41.4840389291097,1.31250023182521,0.386776930814647,3.39342946090596,0.000690233326719728,0.00771107533214731
"NODE_1364_length_852_cov_0.552258_1",4.06123557565547,5.48493392747739,1.69225964141613,3.24118935016817,0.00119032090486878,0.011983930995649
"NODE_1369_length_850_cov_0.417853_1",146.841494150953,-1.67396809850769,0.216480318558188,-7.73265722102004,1.05324618676849e-14,1.1024739976718e-12
"NODE_1407_length_835_cov_0.973615_1",25.3487451140714,-8.17644033164806,1.27066243530284,-6.4347855925239,1.23647743955491e-10,7.08766532316296e-09
"NODE_1446_length_823_cov_1.639410_1",17.9581483768697,-2.82467784662472,0.696489987066867,-4.05559002868125,5.00079059486221e-05,0.000859957382652198
"NODE_1459_length_821_cov_0.602151_2",74.9347538707469,-1.51276782397963,0.282484764962995,-5.35521915377562,8.54527802301993e-08,3.04781582821044e-06
"NODE_1461_length_820_cov_2.931359_1",47.9858869013481,2.17929431338613,0.418453424892304,5.20797341770356,1.90914266617785e-07,6.1283479584309e-06
"NODE_1464_length_820_cov_0.768506_1",21.2851529789859,-4.98531837217334,0.88410511155815,-5.63882993888272,1.7120951655614e-08,7.10667088118806e-07
"NODE_1473_length_816_cov_0.852503_1",1781.41717833665,-1.17325301066187,0.0850941492969975,-13.7877047993859,3.02223212000287e-43,1.32291342343762e-40
"NODE_1495_length_809_cov_0.904372_1",17.5426797151033,1.71160374908112,0.615660927971153,2.7801078017433,0.00543408558161487,0.0415979683234906
"NODE_1496_length_809_cov_0.762295_1",8.81307151096982,3.19635811446017,0.991305701256813,3.22439194126263,0.00126240489682922,0.0125107210370804
"NODE_1503_length_806_cov_0.639232_1",11.9071081632059,4.51189843343262,1.04671908894039,4.31051509531567,1.62874709473361e-05,0.000338035226773377
"NODE_1516_length_802_cov_0.491034_2",5.89250379142725,5.648337068713,1.5267676333028,3.6995394358041,0.00021599107768313,0.00293784474306291
"NODE_1521_length_800_cov_39.385892_1",12.7669347787069,-4.24222063133664,0.962655032030592,-4.40679214275569,1.0491277624534e-05,0.000232790330701065
"NODE_1535_length_795_cov_0.701950_2",31.454350883523,1.20519251755462,0.441760985817804,2.72815517043345,0.00636896405038136,0.0476929423057329
"NODE_1584_length_781_cov_0.487216_1",11.6113644385224,-2.02639110708057,0.738265702640473,-2.74479919605232,0.00605479335329396,0.0456241470987643
"NODE_1603_length_774_cov_0.586801_1",13.6446606207443,-3.20812273138521,0.779281082108693,-4.1167722469333,3.84215413833889e-05,0.000685184154670435
"NODE_1692_length_752_cov_0.631111_2",323.709267306355,2.46825737531805,0.153196259587273,16.1117339415975,2.11022604195185e-58,1.69345639866636e-55
"NODE_1748_length_742_cov_0.775940_1",78.223311398945,-1.32102419999699,0.28952853646182,-4.56267356627624,5.05063098028949e-06,0.000122822162475222
"NODE_1754_length_740_cov_0.651584_1",6.92284461538828,-3.2737038875336,1.08599923012123,-3.01446243858584,0.00257435085611415,0.0224963690965329
"NODE_1823_length_725_cov_1.674383_1",13.1248792942395,-3.00415463939061,0.774471591287664,-3.87897331959691,0.00010489825810932,0.00158333891158738
"NODE_1862_length_718_cov_0.789392_1",32.4037425753931,-1.36140991158703,0.470812427335469,-2.89161847169547,0.00383263061416519,0.0318502682572534
"NODE_1881_length_715_cov_0.650470_1",54.9292744850296,2.65036458504,0.395377860298509,6.70337125867135,2.03665135491445e-11,1.29032582551488e-09
"NODE_1948_length_701_cov_0.830128_2",11.7677951404292,3.12881390149719,0.860250556674277,3.6370960497755,0.000275729132557858,0.00364735102545629
"NODE_1964_length_699_cov_1.562701_2",4.59784796071384,5.62410966984096,1.55041916708879,3.62747687156196,0.000286204403237964,0.0037447668521489
"NODE_1979_length_697_cov_0.670968_1",6.99303641294374,-6.15572100389423,1.45639626678717,-4.22668002127872,2.37164543718454e-05,0.000450614938465988
"NODE_1981_length_696_cov_0.723748_1",14.9465905541477,2.51766495802909,0.700770607441907,3.59270912805486,0.000327257824488478,0.00416864133574609
"NODE_2003_length_692_cov_0.783740_1",2.8928677134864,-4.9965102356705,1.73538277927099,-2.87919777432012,0.00398688224278053,0.0328151076905782
"NODE_2006_length_691_cov_1.288274_1",12.0627558757684,-4.57511501473632,1.05604255630664,-4.33232068860667,1.4754581822223e-05,0.000308883962930451
"NODE_2019_length_690_cov_0.432300_2",5.4785262565615,-3.95752589885398,1.40234320071724,-2.82208085497891,0.0047713146166579,0.0377859866434338
"NODE_2021_length_689_cov_0.991830_1",470.400566191668,-2.63887182824008,0.133377256282554,-19.7850210882263,4.00730263667712e-87,6.43172073186678e-84
"NODE_2073_length_680_cov_0.834163_1",24.6800135911133,5.56424908611186,0.948554193164288,5.866031826342,4.46348157401956e-09,2.08656929892274e-07
"NODE_2084_length_679_cov_0.453488_1",14.61498140531,-2.17007595526684,0.659261815741898,-3.29167548225853,0.000995924610678608,0.010447444445354
"NODE_2131_length_672_cov_1.625210_1",11.9454701275273,2.80631751878931,0.806560646422008,3.47936330794026,0.000502606700964299,0.00593149819888015
"NODE_2149_length_670_cov_0.450253_1",8.5653522427595,-6.62054605169839,1.39681731887815,-4.73973651544904,2.13996311289083e-06,5.59995781987465e-05
"NODE_2160_length_668_cov_0.846024_2",13.4217140512989,-4.26480072047341,0.943781054084202,-4.51884544833521,6.21777600807165e-06,0.000148210848905272
"NODE_2213_length_661_cov_0.638699_1",39.1146037396216,1.30141635014682,0.402228456129728,3.23551536524577,0.00121423350052414,0.0121297392220409
"NODE_2228_length_659_cov_0.584192_1",19.8957870010324,2.29683505001045,0.608726705576782,3.77317937420562,0.000161180317503837,0.00228259773170875
"NODE_2259_length_653_cov_0.888889_1",10.6782066795264,-5.89725314222001,1.35080422840115,-4.36573488461772,1.26696073371416e-05,0.000268740789992673
"NODE_2294_length_647_cov_0.796491_1",14.0500483978133,-2.39076696253505,0.705869306240591,-3.38698246459831,0.000706659043414107,0.00782198458399753
"NODE_2405_length_631_cov_0.622744_1",39.1248414691158,2.80986986718671,0.425713855927757,6.60037212334366,4.10127016217281e-11,2.43797726306939e-09
"NODE_2414_length_630_cov_0.808318_1",6.26490811523127,-3.52604790733577,1.2141825501393,-2.90405088339578,0.00368368286516381,0.0307468111831327
"NODE_2440_length_626_cov_0.883424_1",28.9108504491976,-3.65654623522544,0.572613312200992,-6.38571642906892,1.70596874590345e-10,9.66381119002953e-09
"NODE_2442_length_626_cov_0.786885_1",26.9922317579175,1.54430213119828,0.45489775565617,3.39483348070314,0.000686703531083223,0.00768948256317608
"NODE_2497_length_618_cov_1.157116_1",71.5425065626369,1.09827735307652,0.292511596276051,3.75464551511336,0.000173586974786666,0.00242267038723999
"NODE_2511_length_616_cov_0.764815_1",5.06142530303194,-4.66356515623052,1.46746669362026,-3.17797001901655,0.00148310086000624,0.014310883047956
"NODE_2529_length_615_cov_0.882900_1",13.2985137633616,2.35102920846297,0.707182270403378,3.32450247532639,0.000885764471534783,0.00939417605823784
"NODE_2553_length_611_cov_0.666667_2",69.8999676736409,1.13231885301926,0.27691312762201,4.08907610391404,4.33094752937177e-05,0.000752834381008125
"NODE_2567_length_609_cov_2.077068_1",25.4751633962238,2.13363195170377,0.498609866845145,4.27916111087794,1.87599036682989e-05,0.000376370567345247
"NODE_2598_length_606_cov_1.107750_1",8.86874798641483,2.63669832903222,0.92408952046416,2.85329318279449,0.00432686820024368,0.0346653417373932
"NODE_2613_length_605_cov_0.532197_1",25.4676057906863,2.21088896821945,0.517223631183422,4.27453201076849,1.91539186290404e-05,0.000381099661978635
"NODE_2620_length_604_cov_0.650854_2",5.17411501975546,-4.83704029336598,1.50678470615221,-3.21017347310224,0.0013265488853704,0.0130353732307315
"NODE_2690_length_595_cov_1.204633_1",4.71214873082657,-5.70195435057401,1.54469457954707,-3.69131505093125,0.000223097591812398,0.00301745759712555
"NODE_2761_length_588_cov_0.947162_1",8.45400770666658,-3.58848442321436,1.03039161787493,-3.48264131905032,0.00049649309226803,0.00587374505963284
"NODE_2772_length_587_cov_0.788235_1",208.564348024025,1.04890616062401,0.186834928946297,5.61407958640061,1.97611252891532e-08,8.1324630997669e-07
"NODE_2839_length_581_cov_0.557540_1",13.7006617113932,-4.30190086308455,0.963720055909823,-4.46384905731077,8.0500284581476e-06,0.000186012750740537
"NODE_2882_length_575_cov_1.457831_1",4.85440555173805,5.52185266823469,1.54647462840031,3.57060669915197,0.000356155335706197,0.00444271487415891
"NODE_2884_length_557_cov_0.941767_1",43.2636431718641,3.33572857386942,0.453449348746597,7.35634218703782,1.8901810594169e-13,1.62521817876649e-11
"NODE_2953_length_568_cov_0.651731_2",2567.79202687811,-1.33160330637794,0.0578552855843503,-23.0161046294815,3.21573295013404e-117,7.74187707744771e-114
"NODE_2973_length_566_cov_0.828221_1",25.7382260355765,1.27887158407102,0.465692410239337,2.74617227155099,0.00602950935806182,0.0455048394342753
"NODE_3010_length_562_cov_0.647423_1",13.8953272480397,-3.65989829308359,0.892091886983101,-4.10260237368678,4.08528996734704e-05,0.000723523420424013
"NODE_3108_length_553_cov_0.609244_1",31.0739427353659,1.77002149236063,0.459307024791909,3.85367825184591,0.000116356481112745,0.00173454011318224
"NODE_3115_length_552_cov_0.776842_1",44.158925526591,-1.31698579923628,0.376625727952643,-3.49680253230572,0.000470870242213573,0.00561198073331276
"NODE_3244_length_540_cov_0.894168_1",351.95422885201,1.37131553381837,0.139903520782507,9.80186578685322,1.1052493852887e-22,2.12871031606603e-20
"NODE_3273_length_538_cov_0.748373_1",22.9784569358386,-3.04860902267233,0.57518270069993,-5.30024463350953,1.15647617688921e-07,3.92143154346586e-06
"NODE_3327_length_533_cov_0.666667_1",3.43834167832467,-5.24908295042651,1.70084564254344,-3.08616068332754,0.00202759218775827,0.0187386878772669
"NODE_3359_length_531_cov_0.843612_1",24.3802477945153,1.93124191027977,0.48856521009117,3.95288463114142,7.72146710925427e-05,0.00123929547103531
"NODE_3376_length_530_cov_0.487859_1",21.4902578516285,5.35544477649477,0.990678044795889,5.4058377538771,6.45061691513401e-08,2.35300912472502e-06
"NODE_3388_length_529_cov_0.579646_1",7.63638971207876,-4.49637622970773,1.28730023724994,-3.49287299077434,0.000477853729560064,0.00566715691584165
"NODE_3393_length_528_cov_1.396896_1",186.555231941832,-1.21919036998738,0.181564566399078,-6.71491356583093,1.88177730792556e-11,1.20810103168821e-09
"NODE_3408_length_527_cov_1.280000_1",152.162196402518,1.30903467337235,0.193753220516614,6.75619568997102,1.41662056879432e-11,9.21760545776302e-10
"NODE_3471_length_523_cov_0.715247_1",8.17736467615183,3.09823910023796,1.03922444946551,2.9812992773904,0.00287028138648951,0.0247234434274544
"NODE_3519_length_518_cov_0.659142_1",8.30527392177757,3.92277581592803,1.11337005349711,3.52333512438792,0.000426152147207617,0.00519474073115108
"NODE_3627_length_512_cov_0.618391_1",28.2714312347763,-2.61369885069008,0.488743210665619,-5.3477957210505,8.90318693125668e-08,3.10643804884065e-06
"NODE_3689_length_507_cov_1.409302_1",63.7698581444249,1.00890293281232,0.304428821667886,3.31408480736088,0.000919436157142707,0.00970851994877661
"NODE_3700_length_507_cov_0.448837_1",16.9943117995532,1.77516014504079,0.605261966049652,2.93287905834672,0.00335834685515196,0.0283691931711521
"NODE_3716_length_506_cov_0.512821_1",15.6090611929003,-3.65890415128261,0.756587722769415,-4.83606069880377,1.32437495428374e-06,3.62321898004329e-05
"NODE_3720_length_505_cov_0.946262_1",3.51551706480451,5.24776334584011,1.78544503955984,2.93919063850536,0.00329070598924311,0.0278956854545873
"NODE_3769_length_502_cov_0.974118_1",6.9217881001308,5.21571444133341,1.45323163028182,3.58904549877017,0.000331890918520186,0.00420540729651236
"NODE_3846_length_498_cov_0.603325_1",21.3165469252854,2.91020346772485,0.613273731868322,4.74535809459667,2.08137788120029e-06,5.4764122939778e-05
"NODE_3854_length_497_cov_0.888095_1",12.8274402175805,4.59874466238642,1.04546257413355,4.39876546149701,1.08868402489023e-05,0.000240459338525067
"NODE_3875_length_496_cov_0.570406_1",90.5453952966616,-1.30403735493184,0.254785437106771,-5.1181785338279,3.08500508229345e-07,9.58341901370513e-06
"NODE_3923_length_492_cov_0.668269_1",14.0089862964048,7.23262572443555,1.32391436713371,5.46306158765712,4.67992143371529e-08,1.80270573626713e-06
"NODE_3989_length_489_cov_0.657767_1",2.828042925433,-4.96296109499014,1.78747924434305,-2.77651397111141,0.00549452735712392,0.0419938876580185
"NODE_3998_length_488_cov_0.776156_1",49.2437315815846,1.35888921667706,0.34250019410295,3.96755750821152,7.2612993775928e-05,0.00117326028533924
"NODE_4009_length_487_cov_0.890244_1",6.80176435799659,6.18297802747339,1.43921511890826,4.29607634483691,1.73847731945147e-05,0.000357725140733283
"NODE_4029_length_486_cov_0.716381_1",22.0727997318739,-1.42741800016175,0.523787015620669,-2.7251878293896,0.00642649159289081,0.0479745070073942
"NODE_4056_length_484_cov_0.729730_1",36.2185639052542,1.57798920166718,0.404650899024941,3.89963102879434,9.6339389855202e-05,0.00147730624889426
"NODE_4128_length_480_cov_1.042184_1",37.2142193868463,-2.63600275956331,0.438578249774074,-6.01033626478561,1.85138909887646e-09,9.1901427949383e-08
"NODE_4149_length_479_cov_0.825871_1",2.94427278218082,-5.02367213534361,1.77646324798552,-2.82790659533225,0.00468534747797638,0.0372276371393668
"NODE_4238_length_475_cov_0.600503_1",14.6993374841525,-3.80296198047045,0.825791815169342,-4.6052308955019,4.12008462184378e-06,0.000103323997157176
"NODE_4270_length_473_cov_0.762626_1",40.2560650158823,-1.57940101535542,0.423455686737836,-3.72979054201069,0.000191639012970456,0.00263640527843642
"NODE_4338_length_469_cov_1.285714_1",36.6342901646597,2.46586059474394,0.46059313423091,5.35366337768233,8.61911399693703e-08,3.05154660994498e-06
"NODE_4360_length_468_cov_0.976982_1",5.74933185080905,-5.98496721100552,1.48519929880109,-4.02974012702323,5.58385495885748e-05,0.000940079077863594
"NODE_4404_length_466_cov_0.686375_1",4.54128173503757,-4.63564604012137,1.54889577841431,-2.99287150544573,0.00276366079493457,0.0239766247344323
"NODE_4458_length_463_cov_1.246114_1",3.24163474106602,5.11576306342748,1.68287257472807,3.03989924148245,0.00236657307639813,0.0211410934375826
"NODE_4510_length_461_cov_0.692708_1",17.7836422791519,-1.58520542639033,0.560231118110905,-2.8295561869816,0.00466126145168067,0.0370974775038718
"NODE_4677_length_453_cov_0.776596_1",7.6774869598928,-6.40634952779653,1.4172936115852,-4.52012869840797,6.18020492023245e-06,0.000148048192492135
"NODE_4700_length_452_cov_0.805333_1",57.2945583347845,-3.31408452776383,0.375453975282552,-8.82687292169374,1.07642988463814e-18,1.57060905894929e-16
"NODE_4702_length_452_cov_0.712000_1",3.23141442515178,5.11196868133718,1.76925603596121,2.88933233937502,0.00386060817918294,0.0319945411063096
"NODE_4761_length_449_cov_1.018817_1",6.98659227461041,-6.27334407342009,1.4686216956638,-4.27158613545106,1.94087531811564e-05,0.000384580850071062
"NODE_4770_length_449_cov_0.731183_1",12.3483171677697,-9.44781884625799,1.22397576806173,-7.71895906176264,1.1728356203017e-14,1.20153266207504e-12
"NODE_4857_length_445_cov_0.948370_1",3.59378600542918,5.26296383415946,1.70255374952832,3.09121743476089,0.00199337605532571,0.0184578955892179
"NODE_4864_length_445_cov_0.760870_1",39.4843118974861,1.19999140145379,0.3834242895977,3.12966975230719,0.00175002926217708,0.0164577947214505
"NODE_4873_length_445_cov_0.543478_1",13.9645108378879,2.27488351537027,0.677553265654323,3.35749767684078,0.000786514044219522,0.00860696618844772
"NODE_5003_length_439_cov_0.820442_1",8.32169895513527,-3.22119204749121,1.02609853344496,-3.13926191539966,0.00169373986743554,0.0160538532710672
"NODE_5080_length_436_cov_0.635097_2",6.09844335373437,-4.09272813508265,1.34795411946495,-3.0362518100447,0.00239539223059685,0.0212952316511003
"NODE_5119_length_434_cov_0.672269_1",3.24755321410027,-5.1644665548988,1.68652334111008,-3.062196904728,0.00219718866473064,0.0199288322275064
"NODE_5149_length_433_cov_0.707865_1",4.48634666040623,5.58751030727168,1.58324879695214,3.52914230412051,0.000416908881127206,0.00509496513357232
"NODE_5209_length_430_cov_0.620397_1",3.95288330578315,4.36435835984926,1.58520240208289,2.75318681962296,0.00590182071002681,0.0447010808079852
"NODE_5213_length_430_cov_0.521246_1",180.914389503192,-1.01393691086915,0.1851688262632,-5.47574303586033,4.35679539441972e-08,1.69177176001056e-06
"NODE_5315_length_426_cov_1.197708_2",58.3169789043064,1.57918534445249,0.321774906838701,4.90773304844465,9.21351438326445e-07,2.62503383168156e-05
"NODE_5467_length_422_cov_0.611594_2",4.04287866355807,-5.48613249736289,1.6138208641934,-3.39946806927974,0.000675170627899455,0.00757796404040997
"NODE_5632_length_416_cov_0.834808_1",46.9518128684799,1.15114927991836,0.354145316262828,3.25049980066387,0.0011520234921295,0.0117025171194168
"NODE_5638_length_416_cov_0.702065_1",22.1298460429979,-1.74755480558694,0.531476132906223,-3.2881153026213,0.00100860522341824,0.0105345643183489
"NODE_5686_length_415_cov_0.458580_1",64.1974646448196,-1.00039538653263,0.298990269411473,-3.34591285696953,0.000820121658764129,0.00889388690754343
"NODE_5693_length_414_cov_1.074184_1",129.678194967255,1.03169015754501,0.221635950894992,4.65488632768702,3.24159496007352e-06,8.28646636552999e-05
"NODE_5774_length_412_cov_0.722388_1",12.1815486607338,2.18445408257594,0.734768437964951,2.972983010302,0.00294920775530677,0.0253127189693442
"NODE_5775_length_412_cov_0.713433_1",8.02017161922342,-3.97915958560407,1.14737032577673,-3.46806911091265,0.000524212454549172,0.00612641497246181
"NODE_5780_length_412_cov_0.659701_1",20.3500839234127,2.0230193544684,0.554839928823261,3.64613152257976,0.000266217758003903,0.00354099034472043
"NODE_5839_length_410_cov_0.627628_1",44.4989575926209,-1.02873999711622,0.378899260680461,-2.71507522941248,0.0066260716796279,0.0490085025152202
"NODE_5861_length_409_cov_0.701807_1",66.5077481851522,1.83159690100529,0.343864011263052,5.32651525315957,1.00114876661034e-07,3.46800813757466e-06
"NODE_5892_length_408_cov_0.676737_1",7.76670919603489,4.9162174762771,1.36874944922969,3.59175850557885,0.000328454149307156,0.00417284097338775
"NODE_6049_length_403_cov_0.730061_1",48.2959141118978,1.15003402252482,0.334733261875235,3.43567297758858,0.000591083990271707,0.00677635574561492
"NODE_6072_length_402_cov_0.987692_1",2.67981432586949,-4.8886070814838,1.80166296385473,-2.71338601034704,0.00665994768931721,0.0491835093927337
"NODE_6119_length_401_cov_0.901235_1",2.68209743991882,-5.45154371723096,1.82947216115458,-2.97984513401423,0.00288394144676362,0.0247967465467265
"NODE_6125_length_401_cov_0.808642_1",6.86333441502259,-6.29097259139199,1.43906598681104,-4.37156645285789,1.23358292182681e-05,0.000265057247274422
"NODE_6141_length_398_cov_0.614198_2",6.01589095923836,6.02198993372994,1.50283519097985,4.00708605299799,6.1472470500897e-05,0.00101366419678705
"NODE_6145_length_400_cov_1.582043_1",7.74701646531866,-6.41554017227326,1.42261409716474,-4.50968409849121,6.49242318512128e-06,0.000153240282531171
"NODE_6233_length_398_cov_0.965732_1",2.69522180334131,-4.8927651888348,1.77082116545095,-2.76299226838574,0.00572741231347031,0.0435663353702362
"NODE_6326_length_396_cov_0.545455_1",8.77425299923671,6.54211291584591,1.38339644193543,4.72902251121393,2.25603371330001e-06,5.87178504299436e-05
"NODE_6348_length_395_cov_0.716981_1",5.0999317697667,-5.80805471942935,1.5479821964299,-3.75201648495986,0.000175417926535076,0.00244114831290864
"NODE_6363_length_394_cov_1.987382_1",34.3082784895964,3.6408290227303,0.547617009775876,6.6484951302378,2.96104775919649e-11,1.80473986842166e-09
"NODE_6402_length_393_cov_1.006329_1",25.0163705298339,1.79916275926624,0.526523610023295,3.41705998556578,0.00063301330222718,0.00718858266562234
"NODE_6590_length_389_cov_0.701923_1",54.70367444135,-1.16503095845771,0.340775827731379,-3.41876055650304,0.000629070569993856,0.00716069691375985
"NODE_6667_length_387_cov_0.812903_1",17.9643128719019,2.39654135996136,0.615032024846864,3.89661231146146,9.75475818894328e-05,0.00148636584429626
"NODE_6732_length_385_cov_0.974026_1",147.847804639471,1.032803294515,0.191972438041554,5.37995612834508,7.45039929852921e-08,2.69726861822693e-06
"NODE_6738_length_385_cov_0.863636_1",6.68353351231886,6.16310703351805,1.46505241756566,4.2067484819135,2.59071201410395e-05,0.000479779936458097
"NODE_6742_length_385_cov_0.785714_2",14.8933117734641,-2.49139518316189,0.724410701614669,-3.43920262029359,0.000583430384502214,0.0067367321375975
"NODE_6823_length_383_cov_0.781046_1",3.74017810866827,-5.37246230173277,1.67534021701641,-3.20678883439002,0.0013422548393441,0.013109446351809
"NODE_6849_length_382_cov_1.268852_2",94.6682047197166,-2.20095632891802,0.266511262121067,-8.25839895620695,1.47639370189136e-16,1.77720891865172e-14
"NODE_6960_length_380_cov_0.706271_1",14.8267578004681,-4.12004882278834,0.876159303703795,-4.70239693326502,2.57125020449853e-06,6.65622028745184e-05
"NODE_6964_length_380_cov_0.663366_1",5.52517689006369,-5.93392330099501,1.51643344459,-3.91307862680341,9.11268467795944e-05,0.00141085455705385
"NODE_7123_length_376_cov_1.220736_1",36.5782904557846,-1.32671052832736,0.442084716535584,-3.00103233317854,0.00269065993116917,0.0234277171222054
"NODE_7219_length_375_cov_0.704698_1",26.511671541689,-4.28516136911467,0.677076219986114,-6.32892020517654,2.46882731469774e-10,1.38225622328716e-08
"NODE_7353_length_372_cov_0.718644_1",21.7041194279435,-1.64686866727104,0.574174244103133,-2.86823849064054,0.00412764265181584,0.0335721355370723
"NODE_7485_length_369_cov_0.958904_1",23.54547623356,-1.41513602487222,0.507142537101206,-2.79041082406742,0.00526411992837151,0.0404820105723052
"NODE_7503_length_369_cov_0.708904_1",35.0241199044902,4.00043280744363,1.07976670203666,3.70490477239016,0.000211470164412301,0.00288450096783351
"NODE_7556_length_367_cov_1.175862_1",5.45680630248275,5.62324859685729,1.55522194907662,3.61572095879689,0.000299512873180408,0.00388720885273225
"NODE_7559_length_367_cov_1.113793_2",23.736094568505,1.68142972613403,0.51780073663486,3.2472524799047,0.00116524970007737,0.0118119522228895
"NODE_7609_length_366_cov_0.979239_1",7.66208454343713,3.34612098567571,1.04821612020446,3.19220523437764,0.00141190971861463,0.0136787631692746
"NODE_7609_length_366_cov_0.979239_2",5.5594731627274,3.83744588703493,1.38481294369374,2.77109331228464,0.00558684138980423,0.0425643058416256
"NODE_7799_length_363_cov_0.562937_2",54.7660157242252,-1.0304878343478,0.330761393378332,-3.11550215647176,0.00183632005986096,0.0172356356495722
"NODE_7821_length_362_cov_0.870175_1",34.8649014542474,8.49495798608438,1.24702343025194,6.81218795092578,9.61254032910181e-12,6.42838634508684e-10
"NODE_7862_length_361_cov_0.894366_1",3.96310295005175,-4.42286189479059,1.61482382188457,-2.73891296056614,0.00616426905424516,0.0463506319248854
"NODE_7872_length_361_cov_0.771127_1",192.206731613367,-3.49031473322542,0.465242572908366,-7.50213960731592,6.27844498028718e-14,5.70390803397788e-12
"NODE_7983_length_359_cov_0.907801_1",69.3955217490961,-1.59681015125503,0.294139747811534,-5.4287465843554,5.67511969769988e-08,2.1348204175332e-06
"NODE_8121_length_356_cov_1.211470_1",5.17506447683604,-5.83415437971364,1.54369276174761,-3.77934944328482,0.000157238631500223,0.00223995269430052
"NODE_8179_length_355_cov_1.276978_1",13.7294247174874,-2.09546290166506,0.750589693239202,-2.79175549643108,0.00524229523129919,0.0403866424619289
"NODE_8219_length_355_cov_0.636691_1",33.2646360015956,-1.58493038550422,0.421361810735566,-3.7614476327065,0.000168932792769253,0.0023783958981987
"NODE_8266_length_354_cov_0.736462_1",124.24839407081,1.31084300189838,0.224341800692872,5.84306178273458,5.12499989055502e-09,2.30624995074976e-07
"NODE_8339_length_353_cov_0.619565_1",12.1150558219182,7.02986994944828,1.33567581850112,5.2631558137641,1.41603471215249e-07,4.7022118200098e-06
"NODE_8347_length_353_cov_0.528986_1",64.6309624161284,-1.70740905355801,0.313717061669333,-5.44251257637262,5.2534250309639e-08,1.99175130110954e-06
"NODE_8658_length_347_cov_0.777778_1",6.26791220221759,-6.1072866729919,1.49038474285108,-4.09779199786276,4.17109829759743e-05,0.000735671732708119
"NODE_8774_length_345_cov_0.701493_1",17.4767095597025,4.01852162386015,0.775704598338303,5.18047931192948,2.21316473816881e-07,6.96495961717832e-06
"NODE_8808_length_344_cov_0.790262_1",57.7622361238868,-1.19019985456788,0.321912972806687,-3.69727210491332,0.000217928711102577,0.00295584998298284
"NODE_8844_length_343_cov_1.097744_1",45.3838250353027,-2.11294434564723,0.369114809429309,-5.72435538122696,1.03827207651729e-08,4.50385589948718e-07
"NODE_8945_length_342_cov_0.652830_1",12.3558627506682,-2.58378148574543,0.74957705660826,-3.44698582082636,0.0005668783329969,0.00656134416677903
"NODE_9076_length_339_cov_1.114504_1",5.08856053129195,-5.81146159145482,1.54724772227386,-3.75599944843622,0.000172651072886242,0.00241661312775365
"NODE_9081_length_339_cov_1.053435_1",614.798533124262,-1.38476128570501,0.104303504632708,-13.2762680466134,3.17844634186727e-40,1.27535159467424e-37
"NODE_9084_length_339_cov_1.015267_1",67.0808744411354,-2.31301185395135,0.327014183921264,-7.07312394286926,1.5148407005521e-12,1.15777110685053e-10
"NODE_9121_length_339_cov_0.652672_1",123.964212733282,1.10598844437402,0.21149209707728,5.22945518843614,1.70010302812057e-07,5.53107843270308e-06
"NODE_9183_length_338_cov_0.708812_1",17.7864332851946,2.20511889357346,0.609991065175833,3.61500195570541,0.000300345354356636,0.00388753462695484
"NODE_9234_length_337_cov_0.811538_1",8.94109831736854,2.76024738283062,0.953810058367736,2.89391725177889,0.00380468413615121,0.031694730303751
"NODE_9275_length_336_cov_1.162162_1",12.2987934011596,-4.58810601912862,1.04974578808712,-4.37068295124022,1.23858526763749e-05,0.000265057247274422
"NODE_9288_length_336_cov_0.938224_1",8.47084270431564,5.50827625940784,1.39250869713439,3.95564944818169,7.63270149691985e-05,0.00122914574273141
"NODE_9404_length_334_cov_0.894942_1",51.9725520924185,-1.11326256626631,0.352289763255709,-3.16007639841141,0.0015772777449908,0.0150387967170905
"NODE_9423_length_334_cov_0.727626_1",135.214572322528,-1.48443595084913,0.212377156090678,-6.9896215684107,2.75628691964294e-12,2.07367523720012e-10
"NODE_9526_length_332_cov_11.301961_1",6.1975110625318,6.03974906913847,1.46128941710451,4.13316417572228,3.57802950173983e-05,0.000640453979586515
"NODE_9612_length_331_cov_1.090551_1",8.44564115331621,-6.54014119316055,1.42323413176404,-4.59526724886392,4.32194978657569e-06,0.000106718913960831
"NODE_9691_length_330_cov_0.822134_1",13.3605950298932,-7.22111315596933,1.35766213280429,-5.31878512443588,1.04462417019576e-07,3.5761576494453e-06
"NODE_9819_length_328_cov_0.856574_1",46.7800556466573,1.17179328614318,0.351256990687016,3.33599990095938,0.000849931940534882,0.00915530714468782
"NODE_9831_length_328_cov_0.764940_1",43.9658682180617,-1.38277796590425,0.357623477518369,-3.86657491141147,0.000110374570764359,0.00166079236946997
"NODE_9967_length_326_cov_0.815261_1",9.64026003062634,6.6927747599103,1.366582224772,4.8974548611789,9.70859264602282e-07,2.73810078270461e-05
"NODE_9977_length_326_cov_0.746988_1",35.408717270473,1.39431409074459,0.401586040657246,3.47201832131071,0.000516561081883017,0.00605559403258349
"NODE_10078_length_324_cov_1.121457_1",48.2401262378383,-1.08856294877222,0.350516130202655,-3.10560015638325,0.00189893299487701,0.0177886427438381
"NODE_10128_length_324_cov_0.502024_1",40.2654749107708,-2.7334703855501,0.413711985270736,-6.60718200794037,3.91704358271927e-11,2.35757060634916e-09
"NODE_10174_length_323_cov_0.626016_1",4.46269113221878,4.56178785553597,1.54346252484244,2.95555465851148,0.00312107389339787,0.0266453382920404
"NODE_10256_length_321_cov_1.196721_1",29.5323122189113,1.54104195823697,0.44060789890016,3.49753593179718,0.000469577451607419,0.00561046012280328
"NODE_10299_length_321_cov_0.647541_1",3.14168120436668,-5.10966282678137,1.77299537232564,-2.88193805045245,0.00395237431272734,0.0325867847872982
"NODE_10356_length_320_cov_0.847737_1",58.4498616061158,1.51711507507901,0.329640236038873,4.60233584743612,4.17778809159108e-06,0.000103690977634078
"NODE_10384_length_320_cov_0.563786_1",308.884014267916,-1.1758703076805,0.143019014725513,-8.22177603402782,2.00511376477252e-16,2.35478604326333e-14
"NODE_10430_length_319_cov_0.826446_1",8.53547938808409,5.566181678283,1.39779504194469,3.98211576894638,6.83044927982708e-05,0.00111866031572678
"NODE_10540_length_317_cov_0.987500_1",22.9089140444561,-2.0146362616498,0.559339633123846,-3.60181210546138,0.00031600673770639,0.00405752651215005
"NODE_10605_length_316_cov_1.221757_1",100.318276207838,-1.41513934641699,0.24001520359191,-5.8960404392678,3.72327761400667e-09,1.77500809024179e-07
"NODE_10669_length_315_cov_2.361345_1",44.7122141678834,-4.87707103281928,0.577746972112335,-8.44153456138063,3.13198286320907e-17,3.96855197009254e-15
"NODE_10683_length_315_cov_1.105042_1",25.1687274347884,-1.38975169437186,0.480667645251416,-2.89129444867241,0.00383658475372939,0.0318502682572534
"NODE_10699_length_315_cov_0.836134_1",14.5447435356682,2.12039401100157,0.647495289135359,3.27476361076398,0.00105750423250148,0.0109267872950529
"NODE_10866_length_312_cov_1.242553_1",295.713245610419,-1.75044402857476,0.165242054350008,-10.5932114888081,3.20406980222556e-26,7.34647433224575e-24
"NODE_11046_length_310_cov_0.579399_1",10.8571871870736,-6.91409644348342,1.35588386715912,-5.09932790775804,3.4086161150448e-07,1.05208247397056e-05
"NODE_11170_length_308_cov_0.835498_1",101.025247002546,-1.5418416016012,0.259487610878419,-5.94186981174841,2.81789180603576e-09,1.37052010566285e-07
"NODE_11273_length_307_cov_0.660870_1",25.8348212775088,1.45802240675858,0.486427650893322,2.99740856442048,0.00272285525529169,0.0236652491953601
"NODE_11363_length_306_cov_0.524017_1",4.55832766017407,-5.65925435641527,1.57369623900278,-3.59615421080337,0.000322956391449754,0.00412476133907312
"NODE_11421_length_305_cov_0.640351_1",39.6211893380214,1.5455594615266,0.39239771543103,3.93875754304247,8.19046455998585e-05,0.00129301924119121
"NODE_11434_length_301_cov_0.583333_1",3.95756281882655,5.41016737327876,1.60572603376442,3.36929666675162,0.000753602700123379,0.00830342563179421
"NODE_11639_length_302_cov_0.715556_1",12.8313795860334,2.42955670080159,0.726863451354206,3.34252148223319,0.000830209288898495,0.00896290969965527
"NODE_11764_length_300_cov_0.878924_1",3.30502055271928,5.18399768170203,1.7102058339454,3.03121272235557,0.00243573579654432,0.0215589482727222
"NODE_11818_length_299_cov_1.621622_1",18.9785210873384,4.15770267130754,0.774432836248415,5.36870658977827,7.9303314527649e-08,2.84959298097485e-06
"NODE_11832_length_299_cov_0.986486_1",26.5983400093541,-1.66894287157723,0.498110323721124,-3.35054864775622,0.000806516415122996,0.0087859197710797
"NODE_11851_length_299_cov_0.846847_1",31.6765866762877,1.16775991122141,0.4108860721024,2.84205279883613,0.00448240675235715,0.03582723122855
"NODE_11878_length_299_cov_0.617117_1",32.9729689388397,8.47208189564774,1.23833723125375,6.84149816530207,7.83692086636161e-12,5.46880782196104e-10
"NODE_11915_length_298_cov_0.959276_1",17.0544460474228,2.12172545131026,0.663931310546067,3.19570024429966,0.00139491950049875,0.0135414060381079
"NODE_11991_length_297_cov_0.895455_1",49.2071697063072,1.02107931015511,0.348663496721768,2.92855237142856,0.00340544457779677,0.0287166648723143
"NODE_12036_length_297_cov_0.545455_1",55.5316031352891,-1.09360210394348,0.338528615406573,-3.23045690725453,0.00123592533758292,0.0122954142571524
"NODE_12144_length_295_cov_0.830275_1",26.2104106770953,-1.35413383845369,0.482926655392591,-2.80401552354334,0.00504704750027082,0.0392702590670012
"NODE_12154_length_295_cov_0.747706_1",17.3144439402633,-3.23908796061226,0.718934963041368,-4.50539774405975,6.62487355444463e-06,0.000155603737388541
"NODE_12206_length_294_cov_0.963134_1",2.87502554812142,4.94349374233192,1.7588036123623,2.81071388959235,0.00494317209897561,0.0387979838069807
"NODE_12346_length_292_cov_0.939535_1",4.60760078946163,5.6270448435037,1.570426430596,3.58313177483147,0.000339499228694533,0.00426811693515451
"NODE_12381_length_292_cov_0.567442_1",22.6705057322555,-2.10376499099808,0.521603364458558,-4.03326576158469,5.50070094685159e-05,0.000929328949441769
"NODE_12425_length_291_cov_0.873832_1",19.9478234507646,-2.45662606014678,0.623088614198484,-3.94265920475354,8.05831231539044e-05,0.00128479383439089
"NODE_12437_length_291_cov_0.780374_1",5.8214791450497,-3.4367965831722,1.20011625743727,-2.86371971204785,0.0041869832498972,0.0338260475641863
"NODE_12484_length_290_cov_1.422535_1",28.512108265947,-1.73161622333454,0.456883621471136,-3.79005974816705,0.000150611052883739,0.00216475289443344
"NODE_12516_length_290_cov_0.868545_1",249.117204644911,1.10456127376957,0.15191468776869,7.27093140231053,3.57017218300341e-13,2.96385845882093e-11
"NODE_12610_length_289_cov_0.773585_1",113.27128226249,1.01013515267846,0.241586611259303,4.18125469541955,2.89904903437991e-05,0.000532783248112187
"NODE_12654_length_288_cov_1.037915_1",10.3163467434469,-5.83547064635988,1.35695348799003,-4.30042053615528,1.70474293427121e-05,0.000352289151438449
"NODE_12746_length_287_cov_0.957143_1",22.0431941509061,-2.08242101654578,0.543521310421905,-3.83135118461007,0.00012744144793677,0.00188230236753236
"NODE_12783_length_287_cov_0.676190_1",4.75623578870334,5.66303559235917,1.53850633349801,3.68086596009226,0.000232443181631372,0.00313505299595254
"NODE_13020_length_284_cov_0.599034_1",7.65747032287899,-6.40201942211418,1.43439788610968,-4.46321030176467,8.07407370815623e-06,0.000186012750740537
"NODE_13087_length_283_cov_0.859223_1",4.95047403839264,-5.76152365194467,1.54197126343693,-3.73646629386769,0.000186624451917265,0.00258217452868285
"NODE_13242_length_281_cov_0.789216_1",5.25882774696779,-5.9137269681479,1.54197054738354,-3.83517504804645,0.000125474898421233,0.00185895887968689
"NODE_13267_length_281_cov_0.598039_1",3.58513735371582,5.29895445790667,1.65461663665202,3.20252700264678,0.00136227528049018,0.013278047521377
"NODE_13306_length_280_cov_1.078818_1",23.1351840997124,-2.41859645028069,0.572259754134437,-4.22639619998946,2.37463734564997e-05,0.000450614938465988
"NODE_13381_length_279_cov_1.084158_1",43.8406605415307,1.13917117794189,0.359111587310897,3.17219276178817,0.00151292549350884,0.0145403917190521
"NODE_13464_length_279_cov_0.722772_1",4.34417938221258,-4.55894462259366,1.55166517563895,-2.9380981761844,0.00330232430721619,0.0279449763431388
"NODE_13645_length_278_cov_1.452736_1",71.225470364577,-1.55195949521926,0.296118971194805,-5.24099988919077,1.59708811406798e-07,5.23127841444716e-06
"NODE_13716_length_278_cov_0.726368_1",114.733604864863,-1.36239269116904,0.22329105826185,-6.10142072761097,1.05129777041478e-09,5.45514011198001e-08
"NODE_13780_length_278_cov_0.726368_1",13.6380681505585,2.26544893469156,0.701082519457407,3.23135846611162,0.00123203322513666,0.0122820703499649
"NODE_13901_length_278_cov_0.532338_1",14.03505569473,3.04001596152285,0.73068936519501,4.16047653945466,3.17584240594274e-05,0.000574875232504297
"NODE_13911_length_277_cov_1.460000_1",108.475872833599,-1.18306880835154,0.243723419847613,-4.85414495287833,1.20907277087775e-06,3.32667736672936e-05
"NODE_13934_length_277_cov_0.940000_1",18.9981741726396,1.66722879331722,0.581273059782905,2.86823682133127,0.00412766443155697,0.0335721355370723
"NODE_14122_length_277_cov_0.730000_1",184.514192556216,-1.96211791762676,0.214523107239361,-9.14641757187243,5.88528535914283e-20,9.1411770981525e-18
"NODE_14180_length_276_cov_1.145729_1",25.2496622878713,3.63720921209302,0.621654585557898,5.85085238103543,4.8906014251692e-09,2.2426900821133e-07
"NODE_14236_length_276_cov_0.733668_1",41.0105715142637,1.14185845703099,0.391680736178049,2.91527857145349,0.00355371183189897,0.0298103178930201
"NODE_14410_length_276_cov_0.733668_1",93.8074934609895,1.12399092337279,0.242405342866399,4.63682404885059,3.53803337827886e-06,8.96612142969089e-05
"NODE_14555_length_275_cov_0.737374_1",51.707492869039,-1.20975202868197,0.342241028734489,-3.53479544271853,0.000408090943271218,0.00502546775409441
"NODE_14776_length_274_cov_1.477157_1",4.30921641918764,5.53885714416741,1.57258180937748,3.5221424482584,0.000428074058114015,0.00520499138843178
"NODE_14805_length_274_cov_0.974619_1",15.4592304904172,1.74939828015348,0.615607650500096,2.84174226673812,0.00448677475198664,0.03582723122855
"NODE_14806_length_274_cov_0.969543_1",23.0924333398849,-1.90271764849436,0.53163174922077,-3.57901432953024,0.000344892559071026,0.00432462935397654
"NODE_14929_length_274_cov_0.741117_1",12.6225469325763,-1.92789688646043,0.694647199821256,-2.77536120055836,0.00551404302802815,0.0420762554357457
"NODE_14930_length_274_cov_0.741117_1",94.2255650722427,1.22462995333451,0.355182208375567,3.44789216480007,0.000564979555775598,0.00655512424351688
"NODE_14961_length_274_cov_0.741117_1",3.89950035275854,5.36381856423913,1.65643071732583,3.23817863804082,0.00120295460629646,0.0120420507886017
"NODE_15040_length_274_cov_0.715736_1",20.6238103189939,-2.67830503651578,0.600925189705572,-4.45696915755525,8.31265574030448e-06,0.000190597320902696
"NODE_15053_length_274_cov_0.619289_1",3.08145172196354,5.04934654780909,1.71024334533625,2.95241408866079,0.00315299793963418,0.026822765157842
"NODE_15071_length_273_cov_1.250000_1",14.5159320772797,-1.98411877886682,0.690243028806565,-2.87452201045388,0.00404639565351836,0.0330787692218861
"NODE_15388_length_272_cov_1.241026_1",26.52685475013,-5.73391709791835,0.937016809850966,-6.11933215886526,9.39683473907184e-10,4.97206145809131e-08
"NODE_15393_length_272_cov_1.123077_1",4.00334342023879,-5.36997119114439,1.60086823730057,-3.35441172860009,0.000795339241846483,0.00868380600791568
"NODE_15393_length_272_cov_1.123077_2",11.2582031181114,-7.01543090535407,1.3441058983915,-5.21940340694098,1.79500401765511e-07,5.8006337885969e-06
"NODE_15446_length_272_cov_0.748718_1",20.8825501687541,-1.77047790443993,0.531236020726632,-3.33275198850079,0.000859915596703034,0.00922807959724152
"NODE_15473_length_272_cov_0.748718_1",3.24370409556574,-5.15599409121602,1.70445070530777,-3.025018016162,0.00248618317244244,0.0218448393710043
"NODE_15515_length_272_cov_0.748718_1",2.91653495162053,4.97703094414705,1.77091082918536,2.81043565950553,0.00494744798701686,0.0387979838069807
"NODE_15745_length_271_cov_0.752577_1",5.45932469595476,-5.88818224358306,1.50031793703651,-3.92462297372359,8.6865676965945e-05,0.00135358651971206
"NODE_15803_length_271_cov_0.752577_1",43.0359244315516,-3.18122375509833,0.439488766250541,-7.2384643235336,4.53793541967771e-13,3.64169317429136e-11
"NODE_15897_length_271_cov_0.752577_1",101.572072556777,-2.07841641672367,0.270183447348905,-7.69261195353569,1.44161240629933e-14,1.44611744506902e-12
"NODE_15930_length_271_cov_0.453608_1",5.94223170671288,5.99993889213135,1.49336346564425,4.01773515300438,5.87601861046597e-05,0.000975621710668746
"NODE_16079_length_270_cov_0.756477_1",8.99544573068825,3.62042799747587,0.997549509281529,3.62932161641123,0.000284167020343682,0.00372824033502678
"NODE_16441_length_269_cov_0.760417_1",19.7313699753168,2.03303713402129,0.57582963365481,3.53062262724746,0.000414582787618226,0.00507943033684926
"NODE_16639_length_268_cov_0.764398_1",20.1344835482901,1.50091202266493,0.545183225329873,2.75304146006469,0.00590444182635069,0.0447010808079852
"NODE_16705_length_268_cov_0.764398_1",12.9253754890308,3.27805008452633,0.857160532097319,3.82431290496487,0.000131137283991876,0.00191887446222061
"NODE_16776_length_267_cov_1.205263_1",14.2969115808485,2.21035649193713,0.679947140699592,3.25077694960657,0.00115090112628791,0.0117025171194168
"NODE_16854_length_267_cov_0.768421_1",37.7433947061834,-1.47259790125272,0.391982183803761,-3.75679804363238,0.000172101273926093,0.00241594062377299
"NODE_16860_length_267_cov_0.768421_1",6.27133352422647,-6.06278232463613,1.46244885111827,-4.14563717561826,3.38870054345212e-05,0.000608828101370223
"NODE_16895_length_267_cov_0.768421_1",2.97197008130019,-5.02502153708513,1.80432617650387,-2.78498511107443,0.00535301809956411,0.0410426467347153
"NODE_16969_length_267_cov_0.768421_1",8.20292177255832,-6.47325985811665,1.40647714549639,-4.60246359412546,4.17522562153562e-06,0.000103690977634078
"NODE_17079_length_267_cov_0.726316_1",64.1007862319547,1.26926039464603,0.326631579355178,3.88590838997179,0.0001019479493334,0.00154851538183067
"NODE_17114_length_267_cov_0.494737_1",36.6291638053721,1.84990764598991,0.457674828282051,4.0419693889083,5.30041532795556e-05,0.000902740573231527
"NODE_17455_length_265_cov_0.978723_1",3.78017474074934,-5.43640812978157,1.63130275003963,-3.332556222105,0.000860520818102065,0.00922807959724152
"NODE_17558_length_265_cov_0.776596_1",17.241278412331,-3.58166405243453,0.736119409957866,-4.86560197161428,1.14108958515147e-06,3.15767031753123e-05
"NODE_17975_length_264_cov_0.775401_1",12.4137685043053,-3.44590689212852,0.825984540950904,-4.17187819055482,3.02099131228565e-05,0.000550987620024825
"NODE_18090_length_263_cov_0.784946_1",134.778083287545,-2.83863244611442,0.244728747850974,-11.5990968410584,4.16449927648953e-31,1.17953317742924e-28
"NODE_18652_length_262_cov_0.708108_1",47.648496115268,-1.61292589541707,0.362592132095779,-4.4483201720191,8.65444613302018e-06,0.000197493640428873
"NODE_18687_length_261_cov_1.190217_1",14.1931715796903,5.37008077596008,1.17249029711349,4.58006414993838,4.64833334716222e-06,0.000114192474829521
"NODE_18776_length_261_cov_0.793478_1",4.14277749395663,-4.45127833418978,1.56765311280472,-2.8394536379454,0.0045190861472785,0.0360254963562019
"NODE_19204_length_260_cov_0.797814_1",66.7440233626443,-1.10133464670093,0.31360107644284,-3.5118968952317,0.000444920571723059,0.00535573138211632
"NODE_19299_length_258_cov_1.186813_1",65.3058745264912,-1.3207777900269,0.295122397436458,-4.47535599296993,7.6284101213303e-06,0.000177443452822248
"NODE_19560_length_258_cov_1.209945_1",3.83690239093129,-5.40676535420175,1.62959343658407,-3.31786151859774,0.000907094448830466,0.00959925224421691
"NODE_19654_length_258_cov_0.806630_1",42.6444342521318,1.56059088571242,0.381324638759595,4.0925519284273,4.26651658009818e-05,0.000749624943142082
"NODE_19729_length_258_cov_0.806630_1",45.7440289206754,-3.3813149659691,0.448556694933815,-7.53821089766146,4.76462874401408e-14,4.41186296200534e-12
"NODE_19892_length_257_cov_0.811111_1",81.9353051585235,1.02153930000066,0.312156969693089,3.27251799312708,0.00106594087581571,0.0109668917031039
"NODE_19973_length_257_cov_0.811111_1",287.344606435744,2.23602489695492,0.155533729114817,14.376462968391,7.27170480436034e-47,3.5013258632995e-44
"NODE_19978_length_257_cov_0.811111_1",30.6440436466089,1.81545077456957,0.461956752521938,3.92991500753819,8.49758929777328e-05,0.00132843806716813
"NODE_20073_length_257_cov_0.811111_1",5.89368335809499,5.99232146449803,1.48281456131322,4.04118061748131,5.31827761385021e-05,0.000902740573231527
"NODE_20119_length_257_cov_0.772222_1",4.83881177162309,5.70410909821588,1.53674921007116,3.71180219962616,0.000205788780253541,0.00281498004807046
"NODE_20255_length_256_cov_0.815642_1",38.699719703266,-1.17624883266612,0.397332271348607,-2.96036571274149,0.00307274046575246,0.0262792990099433
"NODE_20338_length_256_cov_0.815642_1",5.9042559380864,-3.48606196560133,1.2471353123967,-2.79525559973275,0.00518586961424435,0.0400801961357729
"NODE_20593_length_255_cov_0.820225_1",5.07110328001129,3.81894144292278,1.38373933158544,2.75987055925278,0.0057824267449211,0.043915433401885
"NODE_20967_length_254_cov_0.824859_1",20.8122162783268,7.79757095752115,1.27806719256601,6.10106495407787,1.05364076929209e-09,5.45514011198001e-08
"NODE_21115_length_253_cov_0.829545_1",5.91024900908765,-4.0749684847685,1.32741811501312,-3.06984546819163,0.00214169553123381,0.0195678633451438
"NODE_21324_length_253_cov_0.784091_1",58.1531069331656,-1.6638382295679,0.332134687667388,-5.00952863807508,5.45635073994912e-07,1.61179931367209e-05
"NODE_21700_length_251_cov_1.247126_1",5.27501309609961,-4.70111777656338,1.49007138535358,-3.1549614486744,0.0016051931420085,0.0152445857569446
"NODE_21884_length_251_cov_0.839080_1",5.45313495943325,-5.90882961442436,1.52326066433509,-3.87906663171374,0.000104858032014307,0.00158333891158738
"NODE_21910_length_251_cov_0.770115_1",45.0520259905397,7.948612665664,1.22094502972892,6.51021337744319,7.50441294465812e-11,4.40655467421084e-09
"NODE_21937_length_251_cov_0.695402_1",85.7251426923188,-1.05874583252448,0.266784262028233,-3.96854681185218,7.2312253549305e-05,0.00117233501966297
"NODE_22037_length_250_cov_0.843931_1",127.566354951848,-2.24624099185795,0.244613396488852,-9.18282082706914,4.1994371439711e-20,6.74009661607361e-18
"NODE_22066_length_250_cov_0.843931_1",60.7763166232688,-1.05790017959036,0.302010865024032,-3.50285470526427,0.000460300469591811,0.00551330040070789
"NODE_22213_length_250_cov_0.768786_1",107.501574302153,2.15411972618559,0.243983942041182,8.82894057766307,1.05671841229821e-18,1.57060905894929e-16
"NODE_22454_length_249_cov_0.848837_1",16.5371270129499,2.46957362756138,0.64700575932154,3.81692680780927,0.000135124232927437,0.00195970837814942
"NODE_22548_length_249_cov_0.639535_1",5.37801065616499,-5.88577158185112,1.51044779881034,-3.8967063850117,9.75097155029219e-05,0.00148636584429626
"NODE_22631_length_248_cov_0.853801_2",5.03179140197992,-5.80284391439513,1.5387984872146,-3.77102262746498,0.000162579928667425,0.00229566673470278
"NODE_22798_length_248_cov_0.795322_1",90.4668604873212,-1.1201944053565,0.269237287143652,-4.16062135093057,3.17382920127334e-05,0.000574875232504297
"NODE_22870_length_247_cov_1.176471_1",4.08901740894304,5.37131265613737,1.60435003456411,3.34796804962621,0.000814063959209163,0.0088481218139777
"NODE_23010_length_247_cov_0.858824_1",103.680535263969,-1.0130828372058,0.239900041327191,-4.2229373183979,2.41138899831429e-05,0.000455326981446405
"NODE_23164_length_246_cov_1.059172_1",11.8944436412798,-3.74589926143543,0.886358941153394,-4.22616514316536,2.37707568785796e-05,0.000450614938465988
"NODE_23222_length_246_cov_0.863905_1",7.90058192046968,-3.89065920018013,1.12363683571504,-3.46255932211787,0.000535063949266535,0.00622574412001969
"NODE_23385_length_246_cov_0.704142_1",70.3282087962104,4.94790544348526,0.478447601407768,10.3415827123529,4.56927866201521e-25,9.16711531566802e-23
"NODE_23397_length_246_cov_0.674556_1",29.5877787431504,1.39593460778056,0.444950563821388,3.13728023129535,0.001705230587403,0.0160993828987165
"NODE_23416_length_245_cov_1.452381_1",5.25072876867972,5.76535716978649,1.50845764131573,3.82202125659805,0.000132362276847194,0.00192545124779226
"NODE_23595_length_245_cov_0.869048_1",9.2175377153157,2.50923001366536,0.892352960914,2.81192546399494,0.00492459135342645,0.0387449466776934
"NODE_23710_length_245_cov_0.779762_1",49.0461724803474,1.02506781714461,0.339534124892374,3.01904209913962,0.00253575292178919,0.0222398002156921
"NODE_23983_length_244_cov_0.874251_1",11.203964336923,2.62213868191943,0.859085065676659,3.05224568169405,0.00227136111631281,0.0204422500468153
"NODE_23986_length_244_cov_0.874251_1",6.9472095821126,-3.26782451319667,1.11176023225967,-2.9393248817281,0.00328928088664095,0.0278956854545873
"NODE_24045_length_244_cov_0.802395_1",44.4560684328611,1.1274211290942,0.35079255720535,3.2139254551921,0.00130933661076739,0.0128925476090899
"NODE_24212_length_243_cov_0.879518_1",95.7727535540324,-1.79931312629309,0.295832029036533,-6.08221203144602,1.18535667217312e-09,6.00788671211955e-08
"NODE_24640_length_242_cov_0.884848_1",35.1642691062076,-5.39852071166533,0.743663004361522,-7.25936436262589,3.88913555878632e-13,3.1739301212807e-11
"NODE_24738_length_242_cov_0.436364_1",2.97196863637047,-5.02468040726744,1.78534749230692,-2.81439911777334,0.00488685133712918,0.0385109479349869
"NODE_25501_length_239_cov_0.901235_1",20.8321297069235,-3.40445965922613,0.64364760039357,-5.28932238253419,1.22770336193438e-07,4.13384034105876e-06
"NODE_25711_length_239_cov_0.716049_1",57.10155293281,-9.29706758886726,1.21390462070995,-7.65881225777842,1.87660490384229e-14,1.84405155346952e-12
"NODE_25764_length_238_cov_1.130435_1",17.032972779628,-2.34843890766728,0.618476890896513,-3.79713283104741,0.000146379361056384,0.0021102294116362
"NODE_25896_length_238_cov_0.906832_1",70.7275847103575,1.16222974531171,0.284072025179184,4.09132065918358,4.28923575627459e-05,0.000749624943142082
"NODE_25923_length_238_cov_0.906832_1",9.88679359477678,-5.78610770674183,1.35821425849564,-4.26008464463516,2.04349500298792e-05,0.000401609324056606
"NODE_26387_length_236_cov_0.918239_1",9.50505953211308,2.21284379944463,0.805747510635332,2.74632409065689,0.00602671958894979,0.0455048394342753
"NODE_26644_length_236_cov_0.553459_1",295.067870012988,-2.89678556786948,0.187078147692236,-15.4843609668138,4.42436924482177e-54,3.04333398768811e-51
"NODE_26824_length_235_cov_0.924051_1",9.24717002969599,-2.84258751421399,0.898071342217293,-3.16521347535239,0.00154969207166018,0.0148345274851764
"NODE_26862_length_235_cov_0.867089_1",3.75532632606564,4.65766809402478,1.61864459331993,2.87751129138957,0.00400825565298176,0.0328786217531638
"NODE_26946_length_234_cov_1.394904_1",7.31960375238175,2.93296870398708,1.0189703079813,2.87836522910824,0.0039974204234843,0.032845698530848
"NODE_27179_length_234_cov_0.770701_1",179.17259778817,-1.20397360765437,0.180674447032764,-6.66377358518239,2.66884522058158e-11,1.64749868424363e-09
"NODE_27247_length_233_cov_1.153846_1",42.7270695134315,-2.30368495119501,0.387292463350593,-5.94817913900283,2.71141762802338e-09,1.33219141621761e-07
"NODE_28017_length_231_cov_0.889610_1",3.62947768580191,-5.32622136456344,1.69744990519973,-3.13777823324733,0.00170233621617884,0.0160993828987165
"NODE_28059_length_231_cov_0.740260_1",6.56722870019826,-6.18949289839162,1.47775117674998,-4.18845404813291,2.80861163984488e-05,0.000518140423212763
"NODE_28098_length_230_cov_1.431373_1",7.95015207932894,-3.50054474588744,1.0913782248479,-3.20745335227417,0.00133915776546414,0.0131057817900606
"NODE_28155_length_230_cov_0.954248_1",6.45872720701035,-6.14668548930778,1.45851022005622,-4.21435887440738,2.50488720707702e-05,0.000467595100904124
"NODE_28248_length_230_cov_0.954248_1",6.72310815693841,-6.22843926914222,1.46470819971619,-4.25234136761783,2.11547061063822e-05,0.000414064674399309
"NODE_28349_length_230_cov_0.647059_1",6.76941882110896,3.18939189815625,1.10863075023823,2.8768748273227,0.00401634879292265,0.0328889786359227
"NODE_28488_length_229_cov_0.960526_1",74.8408343202345,-1.20058689433019,0.293842408668549,-4.08581899314757,4.39216103582656e-05,0.000760728611061326
"NODE_28561_length_229_cov_0.953947_1",3.74498109920852,8.80705760470243,1.96084967885162,4.49144965047006,7.07400252557294e-06,0.000165346224080746
"NODE_28638_length_229_cov_0.651316_1",3.00676690899611,-5.06874178582054,1.74058537803258,-2.9120902943295,0.00359018837122153,0.0300639252303159
"NODE_28814_length_228_cov_0.966887_1",40.1623054039157,-1.85004057496921,0.395966304900511,-4.67221718634379,2.97965638981923e-06,7.67221685399978e-05
