UniqueCount	AmbigCount
0	0
219	0
137	0
5	0
0	0
13	0
41	0
14	0
2	0
9	0
19	0
13	0
36	0
16	0
0	0
4	0
1	0
76	0
65	0
2	0
17	0
90	3
92	3
5	0
3	0
4	0
7	0
0	0
4	0
0	0
2	0
15	0
2	0
127	0
13	1
114	1
76	0
61	0
7	0
25	0
34	0
0	0
0	0
10	0
0	0
5	0
9	0
6	0
3	0
7	0
19	0
45	0
2	0
12	0
14	0
11	0
0	0
2	0
6	0
11	0
9	0
5	0
22	0
36	0
5	0
8	6
29	0
0	0
114	0
164	0
1	0
3	0
6	0
64	0
10	0
7	0
0	0
44	0
6	1
11	7
0	0
0	0
53	0
3	0
13	0
5	0
4	0
1	0
2	0
0	0
4	0
21	0
22	0
70	0
10	0
16	0
9	0
11	0
23	0
383	1
0	0
0	0
13	0
0	0
0	0
0	0
0	0
0	0
0	0
0	0
54	0
0	0
0	0
0	0
0	0
0	0
0	0
0	0
1	0
0	0
0	0
0	0
7	0
100	0
47	0
65	0
62	0
1206	0
213	0
1	0
10	0
9	0
33	0
34	0
0	0
0	0
4	0
336	1
19	0
96	0
43	0
0	0
162	4
1392	9
524	5
69	1
133	1
0	0
0	0
1	0
0	0
0	0
0	0
1	0
50	1
4	0
189	1
1	0
432	0
19	0
0	0
28	0
464	1
207	2
4	0
13	0
19	0
32	0
2	0
0	0
47	0
29	0
7	0
0	0
1	0
0	0
0	0
0	0
1	0
2	0
50	0
10	0
0	0
0	0
0	0
0	0
0	0
0	0
0	0
0	0
0	0
0	0
0	0
0	0
0	0
0	0
0	0
0	0
0	0
58	0
0	0
0	0
4	0
0	0
10	0
0	0
9	0
0	0
0	0
0	0
3	0
3	0
0	0
0	0
0	0
0	0
0	0
3	0
0	0
0	0
4	0
9	0
28	0
69	0
18	0
10	0
0	0
3	0
0	0
4	0
0	0
79	0
5	0
368	0
216	0
56	0
0	0
0	0
0	0
0	0
45	0
0	0
0	0
10	0
0	0
0	0
0	0
0	0
45	0
318	0
1	0
84	0
0	0
4	0
107	0
312	0
55	0
0	0
0	0
0	0
3	0
0	0
5	0
0	0
10	0
0	0
971	3
490	15
711	15
48	0
625	0
0	0
0	0
21	0
38	0
296	0
6	0
82	0
128	2
0	0
0	0
3	0
3	0
32	0
49	0
0	0
0	0
12	0
0	0
1	0
0	0
0	0
26	0
37	0
120	0
3	0
0	0
12	0
0	0
17	0
14	0
708	0
60	0
481	0
801	0
18	0
0	0
0	0
6	0
0	0
0	0
0	0
0	0
0	0
0	0
0	0
1473	1
7	0
1589	3
0	0
2	0
64	0
13	0
12	0
3	0
60	0
353	1
3	1
221	0
0	0
5	0
23	0
0	0
51	0
105	0
76	0
21	0
0	0
2	0
15	0
16	0
27	0
14	0
13	0
6	0
41	0
0	0
170	0
0	0
0	0
0	0
0	0
0	0
0	0
0	0
0	0
0	0
3	0
0	0
23	0
87	0
33	0
42	0
5	0
20	0
0	0
13	3
109	0
0	0
25	0
13	0
7160	4
0	0
137	0
0	0
0	0
0	0
0	0
0	0
21	0
35	0
0	0
51	4
10	4
7	0
289	2
0	0
57	0
5	0
0	0
0	0
19	0
3	0
3	0
0	0
0	0
13	0
0	0
3	0
1	0
1	0
2	0
5	0
82	0
83	0
31	0
1	0
3	0
18	0
25	0
15	0
0	0
15	0
32	0
4	0
2	0
0	0
0	0
766	15
618	123
4507	176
3080	53
5	0
23	0
20	0
0	0
1	0
11	0
0	0
0	0
3	0
4	0
0	0
27	0
33	0
23	0
4	0
19	0
0	0
0	0
35	0
1	0
146	0
1175	1
80	2
16	0
126	5
907	5
23	0
5	0
0	0
0	0
0	0
1	0
1	0
1	0
0	0
78	0
16	3
0	0
0	0
0	0
0	0
13	0
42	0
17	0
1	0
0	0
2	0
34	0
33	0
16	0
0	0
1	0
0	0
0	0
4	0
0	0
0	0
0	0
0	0
0	0
4	0
0	0
0	0
0	0
0	0
0	0
4	0
0	0
112	0
1	0
0	0
7	0
1	0
4	0
9	0
180	0
0	0
0	0
3	0
61	5
81	5
1645	0
501	0
0	0
0	0
0	0
9	0
0	0
0	0
24	0
4	0
0	0
1	0
143	0
217	0
0	0
0	0
4	2
0	0
0	0
0	0
0	0
0	0
0	0
1	0
7078	5
4	0
0	0
0	0
0	0
0	0
7	0
0	0
38	0
19	0
16	0
0	0
0	0
1	0
1	0
0	0
0	0
7	0
0	0
35	0
51	0
0	0
0	0
4	0
1517	0
1	0
4	0
40	0
8	0
0	0
0	0
0	0
0	0
81	0
0	0
18	0
7	0
0	0
0	0
0	0
0	0
0	0
0	0
0	0
0	0
0	0
0	0
0	0
0	0
0	0
0	0
0	0
0	0
0	0
35	0
29	0
16	0
0	0
6	0
0	0
0	0
0	0
15	0
133	0
16	0
23	0
0	0
5	0
33	0
87	1
0	0
0	0
0	0
0	0
0	0
33	0
0	0
10	0
0	0
0	0
1	0
63	0
47	0
9	0
0	0
13	0
1	0
13	0
36	0
3	0
21	0
0	0
0	0
0	0
0	0
0	0
0	0
0	0
21	0
0	0
0	0
2	0
36	0
0	0
0	0
32	0
20	0
0	0
0	0
0	0
39	0
0	0
0	0
1	0
0	0
0	0
3	0
0	0
6	0
4	0
0	0
0	0
0	0
26	0
0	0
9	0
10	0
4	0
141	0
0	0
0	0
0	0
1	0
0	0
0	0
11	0
0	0
0	0
0	0
0	0
2	0
0	0
0	0
0	0
0	0
0	0
0	0
2	0
0	0
6	0
6	0
82	0
0	0
0	2
0	2
0	0
4	0
0	0
0	0
0	0
0	0
0	0
42	0
1	0
4	0
0	0
0	0
4	0
6	0
0	0
6	0
1	0
0	0
0	0
1	0
0	0
0	0
0	0
0	0
0	0
0	0
3	0
7	0
46	0
4	0
0	0
7	0
2	0
0	0
0	0
7	0
12	0
43	0
0	0
13	0
85	0
0	0
9	0
86	0
6	0
4	0
0	0
265	0
6	0
7	0
16	0
0	0
0	0
0	0
1	0
4	0
8	0
0	0
0	0
15	0
9	0
0	0
51	0
0	0
0	0
0	0
0	0
0	0
9	0
4	0
5	0
1	0
0	0
0	0
3	0
0	0
13	0
4	0
2	0
0	0
0	0
0	0
0	0
14	0
2	0
0	0
0	0
1	0
0	0
0	0
19	0
0	0
3	0
88	0
23	0
0	0
0	0
0	0
0	0
0	0
1	0
4	0
0	0
2	0
2	0
0	0
12	0
2	0
0	0
102	0
101	0
102	0
5	0
7	0
40	0
3	0
40	0
1	0
0	0
1	0
3	0
60	0
58	0
0	0
3	0
1	0
0	0
9	0
0	0
8	0
17	0
0	0
3	0
41	0
20	0
0	0
0	0
126	0
0	0
0	0
30	0
0	0
21	0
0	0
0	0
0	0
2	0
0	0
15	0
0	0
2	0
0	0
3	0
0	0
0	0
0	0
9	0
0	0
0	0
409	0
0	0
19	0
0	0
79	0
0	0
23	0
8	0
0	0
0	0
11	0
100	0
0	0
0	0
0	0
0	0
13	0
0	0
0	0
0	0
12	0
8	0
121	0
0	0
5	0
0	0
0	0
1	0
0	0
0	0
0	0
5	0
0	0
7	0
0	0
0	0
0	0
0	0
0	0
0	0
0	0
0	0
11	0
0	0
0	0
0	0
0	0
0	0
1	0
0	0
0	0
1	0
0	0
0	0
0	0
3	0
2	0
22	0
0	0
0	0
0	0
0	0
0	0
0	0
0	0
0	0
0	0
2	0
0	0
0	0
0	0
0	0
120	2
0	0
0	0
5	0
0	0
0	0
14	0
115	0
48	0
0	0
190	0
77	0
0	0
0	0
0	0
0	0
0	0
42	0
0	0
0	0
0	0
0	0
0	0
0	0
7	0
0	0
4	0
0	0
0	0
112	0
0	0
1	0
0	0
0	0
0	0
8	0
3	0
0	0
0	0
1	0
0	0
1	0
30	0
0	0
0	0
0	0
0	0
0	0
1	0
0	0
0	0
124	0
0	0
9	0
0	0
0	0
0	0
0	0
10	0
0	0
2	0
1	0
6	0
9	0
0	0
0	0
0	0
0	0
0	0
33	0
0	0
10	0
0	0
37	0
8	0
0	0
0	0
0	0
7	0
0	0
4	0
6	0
0	0
30	0
0	0
0	0
1	0
0	0
0	0
0	0
5	0
0	0
0	0
0	0
11	1
0	0
0	0
25	0
0	0
0	0
31	0
0	0
31	1
6	0
6	0
15	0
0	0
0	0
85	0
2	0
7	0
8	0
0	0
0	0
0	0
0	0
0	2
0	2
0	0
0	0
0	0
0	0
0	0
0	0
1	0
2	0
1	0
73	0
9	0
25	0
0	0
0	0
34	0
0	0
0	0
0	0
0	0
2	0
10	0
0	0
0	0
4	0
3	0
0	0
0	0
90	3
0	0
0	0
0	0
2	0
0	0
0	0
0	0
0	0
0	0
0	0
0	0
22	0
1	0
15	0
0	0
0	0
0	0
1	0
0	0
134	0
87	0
0	0
0	0
6	0
1	0
165	0
701	3
0	0
0	0
13	0
15	0
4	0
3	0
2	0
20	0
36	0
0	0
5	0
0	0
0	0
2	0
0	0
0	0
0	0
0	0
0	0
0	0
0	0
3	0
0	0
0	0
39	0
0	0
28	0
0	0
0	0
8	0
0	0
4	0
4	0
13	0
4	0
17	0
0	0
2	0
0	0
0	0
88	1
26	0
0	0
7	0
11	0
0	0
49	0
421	0
0	0
12	0
3	0
4	0
0	0
2	0
0	0
0	0
3	0
0	0
0	0
0	0
5	0
11	0
0	0
0	0
0	0
0	0
0	0
0	0
0	0
0	0
0	0
17	0
46	0
0	0
3	0
105	0
0	0
2	0
6	0
7	0
0	0
42	0
47	0
0	0
108	0
0	0
0	0
1	0
21	0
0	0
0	0
0	0
0	0
0	0
0	0
1	0
0	0
3	0
1	0
2	0
0	0
10	0
18	0
0	0
0	0
8	0
13	0
0	0
0	0
9	0
9	0
62	2
3	0
0	0
0	0
2	0
0	0
13	0
0	0
8	0
0	0
0	0
0	0
0	0
1	0
0	0
0	0
0	0
0	0
0	0
10	0
2	0
10	0
0	0
0	0
9	0
0	0
1	0
2	0
0	0
0	0
19	0
0	0
0	0
0	0
0	0
0	0
0	0
27	0
0	0
0	0
88	0
9	0
0	0
0	0
0	0
17	0
0	0
0	0
13	0
3	0
17	2
5	2
0	0
28	0
0	0
0	0
0	0
0	0
0	0
0	0
0	0
0	0
0	0
0	0
533	0
0	0
13	0
0	0
40	0
0	0
13	0
7	0
0	0
0	0
0	0
0	0
0	0
0	0
0	0
0	0
0	0
0	0
0	0
11	1
2	1
0	0
0	0
0	0
0	0
0	0
0	0
0	0
1	0
3	0
8	0
1	0
5	0
21	0
0	0
0	0
0	0
1	0
0	0
0	0
0	0
0	0
0	0
18	0
35	0
0	0
4	0
45	0
2	0
23	0
514	0
142	0
347	0
0	0
24	0
1	0
0	0
0	0
0	0
5	0
0	0
0	0
1	0
21	0
5	0
0	0
0	0
0	0
58	0
61	0
2	0
0	0
0	0
7	0
8	0
52	0
0	0
0	0
0	0
0	0
1	0
0	0
0	0
0	0
0	0
3	0
0	0
0	0
0	0
0	0
0	0
1	0
0	0
5	0
2	0
0	0
1022	0
11	0
7	0
0	0
0	0
17	0
1	0
0	0
0	0
0	0
0	0
0	0
0	0
6	0
7	0
77	0
2	0
0	0
0	0
1	0
2	0
0	0
0	0
0	0
6	0
3	0
17	0
4	0
0	0
0	0
0	0
1	0
0	0
0	0
0	0
1	0
0	0
0	0
0	0
0	0
0	0
0	0
0	0
0	0
24	0
35	0
0	0
0	0
0	0
6	0
0	0
65	0
2	0
0	0
4	0
0	0
0	0
0	0
5	0
7	0
1	0
0	0
1	0
0	0
2	0
0	0
512	5
2	0
0	0
0	0
0	0
0	0
10	0
0	0
9	0
14	0
144	0
0	0
0	0
0	0
54	0
53	0
0	0
84	0
2	0
4	0
11	0
0	0
3	0
1	0
0	0
2	0
0	0
9	0
2	0
1	0
37	0
0	0
8	0
15	4
39	3
28	0
0	0
15	0
78	1
0	0
5	0
24	0
6	0
7	0
23	0
49	0
8	0
0	0
0	0
0	0
0	0
0	0
0	0
0	0
0	0
202	0
0	0
24	0
0	0
0	0
0	0
0	0
48	0
0	0
4	0
7	0
7	0
60	2
132	0
0	0
92	0
0	0
0	0
0	0
12	0
6	0
18	0
0	0
2	0
3	0
1	0
0	0
0	0
0	0
0	0
0	0
0	0
0	0
0	0
0	0
12	0
3	0
0	0
2	0
0	0
0	0
0	0
0	0
0	0
1	0
0	0
0	0
0	0
0	0
0	0
2	0
3	0
4327	49
5916	55
762	6
0	0
0	0
0	0
0	0
0	0
0	0
5	0
0	0
0	0
0	0
0	0
318	0
0	0
175	0
26	0
6	0
48	0
7	0
0	0
0	0
0	0
22	0
0	0
13	0
0	0
0	0
0	0
0	0
43	0
1	0
3	0
0	0
0	0
0	0
7	0
0	0
0	0
1	0
0	0
0	0
0	0
45	0
1	0
0	0
7	0
0	0
6	0
2	0
0	0
23	0
30	0
0	0
0	0
0	0
0	0
2	0
2	0
0	0
1	0
0	0
0	0
0	0
2	0
0	0
4	0
0	0
0	0
0	0
0	0
0	0
26	0
1	0
38	0
0	0
0	0
0	0
25	0
0	0
0	0
0	0
1	0
27	0
0	0
0	0
0	0
0	0
0	0
13	0
0	0
3	0
0	0
42	0
1	0
140	0
0	0
49	0
0	0
736	0
1	0
0	0
6	0
6	0
0	0
4	0
0	0
0	0
8	0
0	0
0	0
0	0
0	0
0	0
6	1
1	0
0	0
0	0
0	0
1	0
0	0
0	0
0	0
0	0
2	0
0	0
0	0
1	0
0	0
0	0
3	0
3	0
7	0
0	0
0	0
13	0
0	0
0	0
17	0
29	0
0	0
0	0
0	0
0	0
0	0
2	0
2	0
0	0
71	0
0	0
8	0
6	0
0	0
0	0
0	0
0	0
0	0
0	0
0	0
0	0
0	0
0	0
0	0
5	0
1	0
0	0
3	0
0	0
36	0
0	0
147	0
0	0
0	0
8	0
0	0
0	0
0	0
0	0
0	0
56	0
2	0
0	0
0	0
0	0
0	0
0	0
0	0
7	0
0	0
0	0
0	0
0	0
0	0
3	0
0	0
0	0
0	0
8	0
0	0
0	0
0	0
0	0
2	0
0	0
0	0
13	0
0	0
1	0
63	0
118	0
82	0
0	0
3	0
0	0
1	0
0	0
0	0
0	0
2	0
1	0
5	0
0	0
0	0
0	0
17	0
0	0
0	0
2	0
0	0
0	0
0	0
0	0
0	0
41	0
22	0
0	0
0	0
0	0
17	0
0	0
20	0
0	0
0	0
0	0
0	0
0	0
0	0
0	0
0	0
0	0
0	0
0	0
10	0
1	0
1	0
49	0
28	0
4	0
56	0
2	0
4	0
28	0
22	0
2	0
1	0
0	0
0	0
0	0
23	0
10	0
12	0
4	0
8	0
0	0
0	0
0	0
4	0
0	0
1	0
0	0
0	0
0	0
2	0
0	0
0	0
0	0
0	0
5	0
0	0
0	0
9	0
0	0
0	0
0	0
0	0
14	0
0	0
6	0
20	0
0	0
7	0
1	0
2	0
5	0
0	0
6	0
0	0
4	0
0	0
0	0
1	0
89	0
0	0
0	0
0	0
0	0
0	0
3	0
0	0
0	0
0	0
0	0
0	0
0	0
0	0
1	0
0	0
4	0
0	0
0	0
0	0
47	0
2	0
0	0
6	0
0	0
9	0
5	1
15	1
0	0
0	0
0	0
0	0
0	0
0	0
7	0
0	0
0	0
4	0
0	0
0	0
0	0
0	0
0	0
4	0
1	0
1	0
11	0
2	0
22	0
0	0
0	0
9	0
0	0
0	0
0	0
8	0
0	0
0	0
0	0
0	0
40	0
5	0
264	0
0	0
21	0
0	0
0	0
0	0
0	0
0	0
0	0
7	0
0	0
0	0
3	0
2	0
1	0
9	0
0	0
0	0
40	0
0	0
0	0
0	0
15	0
27	0
0	0
0	0
0	0
1	0
2	0
87	0
0	0
23	0
0	0
2	0
198	0
0	0
9	0
0	0
45	0
51	3
0	0
0	0
0	0
0	0
0	0
0	0
4	0
1	0
0	0
0	0
0	0
9	0
0	0
0	0
0	0
0	0
0	0
4	0
0	0
0	0
0	0
15	0
7	0
1401	1
0	0
0	0
8	0
0	0
0	0
0	0
11	0
7	0
0	0
0	0
60	0
2	0
6	0
0	0
0	0
0	0
40	0
12	0
11	0
1	0
0	0
0	0
0	0
0	0
0	0
35	0
0	0
0	0
3	0
1	0
15	0
0	0
9	0
0	0
0	0
0	0
0	0
0	0
0	0
0	0
6	0
10	0
3	0
0	0
2	0
0	0
19	0
0	0
0	0
0	0
0	0
5	0
0	0
0	0
0	0
0	0
0	0
2	0
0	0
0	0
3	0
0	0
50	0
0	0
0	0
0	0
0	0
3	0
0	0
0	0
0	0
0	0
8	0
0	0
1	0
0	0
0	0
0	0
0	0
0	0
0	0
2	0
0	0
4	0
35	0
616	0
0	0
0	0
1	0
0	0
0	0
0	0
0	0
0	0
16	0
0	0
0	0
0	0
0	0
0	0
0	0
0	0
0	0
17	0
0	0
0	0
0	0
0	0
57	0
0	0
0	0
35	0
6	0
0	0
0	0
13	0
0	0
25	0
0	0
0	0
4	0
12	0
2	0
0	0
0	0
166	0
80	0
0	0
0	0
0	0
0	0
0	0
2	0
2	0
15	0
0	0
0	0
15	0
24	0
0	0
0	0
0	0
0	0
0	0
0	0
0	0
0	0
0	0
1	0
0	0
0	0
0	0
0	0
0	0
0	0
0	0
0	0
0	0
0	0
20	0
2	0
0	0
3	0
0	0
1	0
6	1
7	1
0	0
0	0
0	0
0	0
251	0
58	0
0	0
0	0
0	0
0	0
2	0
0	0
0	0
0	0
3	0
6	0
0	0
0	0
0	0
0	0
0	0
2	0
0	0
0	0
0	0
0	0
0	0
0	0
0	0
0	0
15	0
0	0
0	0
0	0
1	0
0	0
0	0
0	0
4	0
0	0
26	0
4	0
11	0
11	0
0	0
0	0
0	0
0	0
0	0
68	0
0	0
0	0
105	0
0	0
0	0
0	0
0	0
0	0
0	0
0	0
30	0
0	0
0	0
0	0
0	0
41	0
2	0
13	0
0	0
0	0
1	0
0	0
0	0
0	0
0	0
1	0
0	0
0	0
30	0
0	0
2772	0
0	0
0	0
0	0
1	0
3	0
0	0
24	0
232	0
2	0
0	0
0	0
6	0
0	0
0	0
15	0
5	0
0	0
0	0
39	0
0	0
14	0
43	0
17	0
0	0
0	0
0	0
0	0
0	0
0	0
5	0
1	0
0	0
0	0
151	0
89	0
0	0
0	0
0	0
0	0
0	0
50	0
0	0
1	0
0	0
0	0
0	0
0	0
190	0
35	0
0	0
0	0
8	0
0	0
0	0
0	0
0	0
0	0
2	0
3	0
0	0
0	0
3	0
3	0
2	0
0	0
0	0
42	1
30	0
61	0
2	0
0	0
0	0
5	0
5977	0
140	0
0	0
0	0
1	2
0	0
1298	0
0	0
0	0
0	0
0	0
0	0
110	0
0	0
0	0
0	0
0	0
0	0
0	0
12	3
0	0
0	0
0	0
0	0
0	0
22	0
9	0
0	0
0	0
0	0
0	0
0	0
0	0
5	0
21	0
0	0
22	0
0	0
0	0
0	0
0	0
0	0
0	0
933	5
1	0
138	0
0	0
0	0
0	0
0	0
0	0
7	0
0	0
3	0
75	3
2	0
2	0
14	0
2	0
0	0
0	0
4	0
0	0
0	0
0	0
0	0
0	0
0	0
32	0
45	0
2	0
0	0
0	0
5	0
0	0
0	0
0	0
0	0
0	0
0	0
2	0
0	0
0	0
0	0
0	0
0	0
0	0
4747	7
0	0
0	0
0	0
0	0
0	0
0	0
43	0
0	0
0	0
0	0
3	0
0	0
0	0
0	0
0	0
0	0
33	0
0	0
0	0
0	0
0	0
0	0
0	0
0	0
26	0
1	0
0	0
0	0
0	0
9	0
0	0
0	0
4	0
28	0
0	0
0	0
0	0
3	0
4	0
1	0
0	0
0	0
0	0
0	0
43	0
0	0
0	0
34	0
4	0
0	0
23	0
0	0
1	0
0	0
0	0
0	0
0	0
0	0
0	0
2	0
0	0
0	0
0	0
0	0
11	0
4	0
0	0
0	0
0	0
12	0
0	0
15	0
0	0
0	0
0	0
0	0
2	0
0	0
0	0
0	0
0	0
0	0
4	0
4	0
0	0
3	0
15	0
7	0
106	0
0	0
0	0
43	0
0	0
0	0
2	0
49	1
33	0
2	0
0	0
0	0
0	0
0	0
0	0
0	0
0	0
0	0
0	0
0	0
0	0
0	0
0	0
8	0
2598	4
1780	4
0	0
0	0
1	0
3	0
3	0
174	0
111	0
0	0
4	0
31	0
0	0
138	0
0	0
1	0
0	0
104	0
0	0
0	0
0	0
3	0
0	0
580	0
0	0
0	0
0	0
0	0
89	0
61	0
0	0
2	0
10	1
0	0
0	0
0	0
0	0
0	0
0	0
0	0
0	0
0	0
1	0
0	0
0	0
3	0
0	0
57	0
0	0
0	0
0	0
0	0
0	0
0	0
0	0
4	0
65	0
0	0
0	0
3	0
0	0
2	0
0	0
0	0
0	0
0	0
0	0
0	0
5	0
0	0
0	0
4	0
0	0
0	0
0	0
0	0
59	0
0	0
0	0
0	0
0	0
0	0
32	0
0	0
0	0
2	0
0	0
0	0
0	0
0	0
0	0
0	0
0	0
0	0
0	0
0	0
0	0
2	0
0	0
0	0
53	0
1	0
0	0
122	4
0	0
0	0
21	0
0	0
0	0
0	0
4	0
0	0
10	0
0	0
0	0
0	0
0	0
0	0
14	0
0	0
0	0
10	0
0	0
0	0
0	0
0	0
6	0
1290	0
0	0
0	0
1	0
0	0
0	0
0	0
0	0
17	0
0	0
0	0
0	0
0	0
0	0
0	0
4	0
25	0
6	0
0	0
0	0
6	0
0	0
0	0
0	0
13	0
0	0
0	0
0	0
0	0
0	0
0	0
0	0
0	0
1	0
1	0
0	0
0	0
0	0
0	0
38	0
1	0
59	0
13	0
0	0
0	0
12	0
0	0
73	0
0	0
0	0
0	0
33	0
0	0
0	0
18	0
89	0
0	0
1	0
0	0
1	0
0	0
0	0
0	0
29	0
0	0
0	0
3	0
0	0
135	0
0	0
0	0
0	0
95	0
0	0
0	0
0	0
0	0
0	0
0	0
0	0
0	0
12	0
0	0
307	0
0	0
5	0
0	0
0	0
0	0
0	0
0	0
0	0
0	0
2	0
0	0
3	0
2	0
0	0
0	0
0	0
0	0
0	0
0	0
0	0
0	0
3	0
0	0
0	0
0	0
7	0
68	0
0	0
20	0
0	0
0	0
389	0
27	0
0	0
0	0
0	0
0	0
10	0
0	0
14	0
0	0
0	0
0	0
0	0
18	0
0	0
0	0
1	0
7	0
0	0
2	0
0	0
0	0
415	0
0	0
1	0
0	0
33	0
0	0
0	0
539	0
1	0
0	0
18	0
13	0
0	0
0	0
0	0
0	0
3	0
0	0
1	0
4	0
14	0
11	0
0	0
135	0
0	0
0	0
0	0
2	0
12	0
0	0
0	0
0	0
0	0
0	0
0	0
0	0
3	0
174	0
0	0
0	0
55	0
27	0
0	0
0	0
0	0
0	0
0	0
0	0
0	0
0	0
0	0
0	0
0	0
0	0
0	0
0	0
0	0
0	0
0	0
0	0
5	0
0	0
3	0
0	0
0	0
2	0
25	0
0	0
50	0
0	0
1	0
0	0
0	0
0	0
0	0
129	0
546	0
0	0
8	0
0	0
0	0
0	0
149	0
0	0
0	0
0	0
0	0
23	0
4	0
2	0
1	0
0	0
0	0
6	0
0	0
0	0
0	0
0	0
0	0
1	0
0	0
0	0
0	0
0	0
0	0
3	0
200	0
0	0
0	0
2	0
0	0
1	0
107	0
9	0
0	0
0	0
0	0
0	0
0	0
0	0
0	0
0	0
0	0
503	0
158	0
0	0
0	0
0	0
0	0
0	0
0	0
0	0
54	0
0	0
0	0
0	0
0	0
0	0
0	0
0	0
0	0
11	0
0	0
0	0
69	0
3	0
0	0
0	0
0	0
259	0
4	0
0	0
0	0
14	0
0	0
0	0
0	0
0	0
0	0
0	0
0	0
0	0
0	0
47	0
5	0
0	0
0	0
0	0
25	0
0	0
0	0
534	0
0	0
0	0
1	0
0	0
0	0
0	0
0	0
10	0
17	0
0	0
92	3
0	0
0	0
0	0
15	0
1	0
0	0
0	0
0	0
1	0
19	0
1	0
23	0
0	0
5	0
3	0
0	0
0	0
0	0
30	0
0	0
0	0
211	0
0	0
0	0
0	0
1	0
0	0
0	0
12	0
0	0
1	0
0	0
0	0
0	0
0	0
0	0
81	0
0	0
5	0
2	0
0	0
0	0
0	0
0	0
0	0
0	0
0	0
0	0
0	0
0	0
12	0
63	0
0	0
6	0
0	0
0	0
0	0
0	0
0	0
0	0
0	0
0	0
0	0
0	0
0	0
3	0
0	0
0	0
0	0
3	0
1	0
0	0
0	0
0	0
0	0
0	0
0	0
0	0
0	0
0	0
0	0
0	0
0	0
0	0
58	0
0	0
0	0
0	0
0	0
0	0
3	0
17	0
0	0
0	0
0	0
0	0
0	0
6	0
4	0
0	0
1	0
0	0
60	0
0	0
0	0
0	0
0	0
0	0
0	0
0	0
0	0
0	0
0	2
2	0
0	0
0	0
0	0
0	0
5	0
0	0
0	0
0	0
0	0
0	0
53	1
1	0
10	0
1	0
0	0
5	0
0	0
0	0
0	0
0	0
0	0
0	0
0	0
0	0
1	0
0	0
3	0
0	0
0	0
0	0
0	0
0	0
0	0
1	0
11	0
0	0
0	0
0	0
0	0
112	0
0	0
0	0
7	0
0	0
0	0
0	0
48	0
67	0
66	0
0	0
0	0
0	0
5	0
38	0
0	0
0	0
3	0
0	0
0	0
0	0
3	0
0	0
0	0
0	0
0	0
61	0
0	0
46	0
0	0
0	0
0	0
0	0
140	0
0	0
4	0
0	0
0	0
0	0
0	0
2	0
0	0
10	0
0	0
2	0
0	0
0	0
49	5
30	5
141	0
0	0
0	0
7	0
0	0
93	0
0	0
0	0
0	0
1	0
0	0
0	0
0	0
2	0
0	0
0	0
5	0
0	0
1	0
0	0
1	0
0	0
12	0
12	0
11	0
0	0
0	0
0	0
0	0
0	0
3	0
0	0
0	0
0	0
1	0
0	0
14	0
0	0
0	0
0	0
0	0
0	0
0	0
0	0
0	0
0	0
0	0
0	0
0	0
786	0
0	0
0	0
69	0
7	0
0	0
3	0
0	0
0	0
0	0
0	0
7	0
0	0
0	0
0	0
0	0
0	0
0	0
0	0
1600	0
0	0
0	0
4	0
115	0
0	0
0	0
0	0
21	0
0	0
288	0
0	0
0	0
0	0
0	0
3	0
7	0
50	0
15	0
0	0
0	0
0	0
0	0
3	0
0	0
0	0
0	0
42	0
0	0
0	0
0	0
0	0
0	0
2	0
0	0
0	0
0	0
0	0
0	0
0	0
0	0
0	0
0	0
0	0
0	0
0	0
2	0
0	0
5	0
4	0
0	0
1	0
6	0
0	0
0	0
0	0
0	0
0	0
0	0
39	0
0	0
0	0
0	0
11	0
0	0
0	0
0	0
92	0
0	0
2	0
0	0
6	0
0	0
0	0
1	0
0	0
51	0
0	0
0	0
1	0
9	0
0	0
0	0
0	0
27	0
0	0
89	0
0	0
0	0
0	0
0	0
0	0
1	0
749	1
0	0
22	3
0	0
13	0
0	0
1	0
1	0
0	0
0	0
317	0
0	0
322	0
0	0
2	0
0	0
0	0
0	0
0	0
1	0
0	0
0	0
107	0
0	0
0	0
0	0
0	0
0	0
0	0
0	0
0	0
3	0
0	0
0	0
0	0
45	1
347	0
0	0
0	0
9	0
0	0
0	0
0	0
0	0
3	0
0	0
0	0
0	0
0	0
0	0
0	0
3	0
0	0
6	0
0	0
0	0
0	0
0	0
2	0
0	0
0	0
18	0
0	0
4	0
0	0
0	0
73	0
55	0
0	0
0	0
0	0
0	0
1	0
0	0
55	0
0	0
4	0
2	0
1	0
24	0
0	0
0	0
1	0
0	0
2	0
0	0
0	0
0	0
0	0
0	0
9	0
0	0
0	0
0	0
0	0
15	0
0	0
0	0
0	0
0	0
6	0
0	0
3	0
0	0
1	0
0	0
3	0
12	0
0	0
0	0
0	0
0	0
2	0
0	0
0	0
117	0
5	0
0	0
0	0
0	0
25	0
0	0
0	0
0	0
70	0
0	0
0	0
0	0
0	0
0	0
0	0
27	0
12	0
0	0
0	0
0	0
0	0
0	0
0	0
0	0
19	0
316	0
0	0
0	0
0	0
61	0
0	0
0	0
0	0
0	0
0	0
3	0
0	0
0	0
0	0
2	0
1	0
0	0
0	0
1	0
0	0
0	0
0	0
0	0
0	0
0	0
0	0
2	0
30	0
0	0
6	0
0	0
0	0
0	0
0	0
0	0
0	0
0	0
0	0
3	0
0	0
0	0
0	0
10	0
0	0
0	0
0	0
26	0
0	0
3	0
7	0
2	0
0	0
0	0
0	0
0	0
0	0
422	0
29	0
0	0
0	0
0	0
0	0
0	0
0	0
5	0
0	0
0	0
0	0
0	0
1	0
419	0
0	0
0	0
0	0
2	0
0	0
0	0
0	0
0	0
0	0
34	0
0	0
14	0
303	0
2	0
0	0
0	0
0	0
0	0
2	0
0	0
3	0
0	0
0	0
0	0
0	0
0	0
0	0
0	0
272	0
466	5
0	0
0	0
1	0
0	0
0	0
15	0
40	0
0	0
0	0
129	0
40	0
0	0
3	0
0	0
0	0
1	0
1	0
135	0
179	0
45	0
4	0
0	0
0	0
1	0
1	0
0	0
0	0
0	0
0	0
0	0
0	0
0	0
0	0
0	0
0	0
0	0
0	0
25	0
0	0
0	0
0	0
0	0
19	0
46	0
0	0
0	0
0	0
0	0
10	0
9	0
0	0
0	0
0	0
0	0
0	0
0	0
2	0
0	0
2	0
0	0
0	0
0	0
4	0
5	0
35	0
76	0
0	0
0	0
0	0
3	0
0	0
0	0
10	0
8	0
0	0
0	0
0	0
7	0
10	0
0	0
0	0
0	0
0	0
17	0
2	0
82	0
0	0
0	0
0	0
5	0
0	0
4	0
0	0
0	0
0	0
4	0
0	0
0	0
7	0
0	0
1	0
7	0
0	0
0	0
3	0
0	0
136	0
0	0
1	0
0	0
0	0
0	0
0	0
0	0
0	0
0	0
0	0
0	0
0	0
5	0
1	0
0	0
0	0
0	0
0	0
0	0
0	0
0	0
0	0
0	0
241	0
0	0
0	0
1	0
0	0
0	0
0	0
0	0
0	0
0	0
0	0
0	0
12	0
0	0
0	0
0	0
1605	3
6	0
1	0
7	0
0	0
88	0
51	0
0	0
0	0
0	0
0	0
0	0
11	0
0	0
0	0
0	0
0	0
2	0
246	0
38	0
2	0
0	0
0	0
0	0
0	0
0	0
0	0
6	0
3	0
2	0
0	0
3	0
96	0
0	0
1	0
0	0
0	0
0	0
0	0
0	0
5	0
0	0
2	0
0	0
0	0
262	0
0	0
64	0
0	0
0	0
0	0
18	0
0	0
0	0
0	0
1	0
0	0
6	0
0	0
0	0
47	0
0	0
1	0
0	0
276	0
0	0
0	0
8	0
0	0
0	0
0	0
0	0
0	0
14	0
0	0
0	0
0	0
5	0
0	0
0	0
46	0
48	0
0	0
0	0
0	0
152	0
0	0
0	0
0	0
0	0
9	0
92	0
0	0
0	0
4	0
49	0
0	0
1	0
1	0
5	0
0	0
0	0
0	0
0	0
0	0
0	0
0	0
0	0
0	0
0	0
0	0
2	0
0	0
2	0
0	0
0	0
0	0
0	0
0	0
44	0
0	0
0	0
0	0
0	0
0	0
0	0
0	0
20	0
0	0
0	0
0	0
0	0
0	0
0	0
48	0
0	0
0	0
0	0
0	0
99	0
0	0
38	0
114	0
34	0
66	0
0	0
0	0
37	0
0	0
22	0
0	0
0	0
0	0
72	0
6	0
0	0
0	0
0	0
0	0
0	0
0	0
1	0
10	0
0	0
0	0
0	0
15	0
0	0
0	0
0	0
0	0
0	0
0	0
29	0
0	0
0	0
0	0
0	0
0	0
0	0
0	0
0	0
0	0
0	0
0	0
5	0
0	0
0	0
0	0
0	0
0	0
467	0
6	0
70	0
0	0
0	0
0	0
0	0
0	0
0	0
1	0
0	0
12	0
0	0
0	0
1	0
0	0
0	0
0	0
0	0
0	0
0	0
0	0
0	0
8	0
77	0
154	0
0	0
0	0
0	0
24	1
0	0
0	0
0	0
0	0
0	0
0	0
0	0
0	0
1	0
0	0
0	0
0	0
0	0
0	0
0	0
0	0
0	0
85	0
1	0
11	0
0	0
0	0
0	0
0	0
0	0
565	0
5	0
0	0
0	0
0	0
0	0
0	0
0	0
0	0
0	0
7	0
0	0
0	0
3	0
0	0
0	0
0	0
0	0
0	0
0	0
0	0
0	0
0	0
0	0
5	0
257	0
0	0
0	0
0	0
0	0
0	0
4	0
0	0
52	0
0	0
0	0
0	0
0	0
0	0
155	4
0	0
0	0
0	0
0	0
0	0
0	0
16	0
0	0
0	0
0	0
0	0
16	0
10	0
0	0
0	0
0	0
0	0
0	0
11	0
2	0
42	0
0	0
0	0
0	0
0	0
0	0
0	0
0	0
0	0
362	0
3	0
100	0
1	0
0	0
0	0
0	0
0	0
34	0
0	0
0	0
0	0
0	0
0	0
0	0
0	0
0	0
5	0
0	0
0	0
44	0
0	0
0	0
9	0
0	0
0	0
129	0
0	0
0	0
43	0
0	0
0	0
0	0
0	0
0	0
0	0
0	0
0	0
0	0
0	0
0	0
0	0
0	0
0	0
0	0
107	0
0	0
0	0
0	0
8	0
0	0
0	0
0	0
0	0
0	0
0	0
50	0
0	0
0	0
0	0
258	0
0	0
23	0
0	0
0	0
0	0
0	0
2	0
0	0
0	0
0	0
3	0
59	0
12	0
0	0
9	0
11	0
0	0
0	0
0	0
0	0
0	0
0	0
0	0
0	0
0	0
0	0
32	0
4	0
0	0
1	0
7	0
0	0
0	0
0	0
0	0
0	0
0	0
0	0
29	0
0	0
13	0
0	0
133	0
0	0
1	0
1	0
2	0
26	0
0	0
93	0
0	0
0	0
0	0
0	0
16	0
0	0
0	0
0	0
0	0
0	0
0	0
0	0
0	0
0	0
11	0
0	0
0	0
37	0
1	0
0	0
6	0
0	0
0	0
3395	0
0	0
32	0
3	0
0	0
0	0
0	0
0	0
0	0
0	0
3	0
0	0
0	0
0	0
0	0
10	0
3	0
0	0
0	0
195	0
3	0
0	0
0	0
0	0
3	0
0	0
0	0
22	0
0	0
0	0
0	0
0	0
0	0
0	0
0	0
0	0
0	0
0	0
0	0
0	0
0	0
0	0
18	0
0	0
0	0
0	0
0	0
0	0
0	0
11	0
3	0
0	0
4	0
0	0
0	0
1	0
0	0
0	0
4	0
0	0
2	0
0	0
0	0
0	0
0	0
1	0
1	0
0	0
0	0
0	0
4	0
0	0
0	0
0	0
0	0
3	0
8	0
0	0
0	0
0	0
0	0
0	0
0	0
0	0
1	0
0	0
0	0
0	0
0	0
60	0
109	0
0	0
1	0
0	0
0	0
0	0
0	0
0	0
0	0
3	0
0	0
0	0
0	0
0	0
0	0
11	0
795	4
0	0
0	0
0	0
1	0
582	0
0	0
0	0
1	0
7	0
0	0
0	0
0	0
0	0
0	0
133	0
14	0
0	0
0	0
0	0
0	0
0	0
0	0
0	0
6	0
0	0
0	0
0	0
0	0
0	0
0	0
0	0
0	0
10	0
0	0
0	0
0	0
8	0
5	0
0	0
0	0
0	0
1	0
0	0
0	0
0	0
4	0
0	0
0	0
0	0
0	0
0	0
0	0
0	0
0	0
3	0
0	0
0	0
43	0
2	0
0	0
1	0
0	0
0	0
85	0
0	0
0	0
0	0
0	0
2	0
36	0
505	3
0	0
0	0
0	0
0	0
618	0
0	0
0	0
0	0
0	0
0	0
0	0
0	0
0	0
2	0
0	0
34	0
68	0
9	0
0	0
0	0
0	0
7	0
0	0
0	0
0	0
0	0
0	0
0	0
2	0
0	0
0	0
8	0
6	0
34	0
0	0
0	0
13	0
1	0
0	0
0	0
7	0
0	0
0	0
1	0
0	0
65	0
0	0
0	0
201	0
0	0
0	0
0	0
2	0
0	0
0	0
8	0
0	0
0	0
0	0
0	0
0	0
0	0
0	0
0	0
0	0
99	0
24	0
2	0
0	0
0	0
0	0
0	0
0	0
5	0
0	0
4	0
0	0
1	0
0	0
0	0
41	0
0	0
0	0
0	0
0	0
48	0
0	0
159	0
4	0
1	0
0	0
0	0
0	0
10	0
0	0
0	0
0	0
0	0
0	0
0	0
0	0
6	0
0	0
0	0
0	0
0	0
0	0
0	0
37	0
0	0
0	0
0	0
58	0
0	0
0	0
0	0
0	0
27	0
0	0
33	0
0	0
0	0
0	0
9	0
0	0
0	0
0	0
43	0
49	0
0	0
1	0
0	0
18	0
39	0
104	0
966	0
0	0
0	0
0	0
0	0
0	0
0	0
29	0
0	0
0	0
0	0
0	0
435	0
1	0
0	0
25	0
0	0
0	0
2	0
45	2
0	0
0	0
3	0
0	0
0	0
165	0
0	0
0	0
0	0
0	0
0	0
0	0
2	0
0	0
0	0
0	0
0	0
0	0
5	0
0	0
1	0
1	0
0	0
5	0
6	0
9	0
0	0
1136	0
224	0
0	0
0	0
11	0
0	0
0	0
0	0
45	0
0	0
38	0
0	0
0	0
2	0
0	0
0	0
0	0
0	0
357	0
0	0
0	0
0	0
0	0
1	0
0	0
0	0
0	0
0	0
0	0
0	0
0	0
17	0
5	0
0	0
0	0
0	0
5	0
0	0
0	0
0	0
0	0
0	0
0	0
0	0
0	0
2	0
0	0
0	0
9	0
0	0
6	0
0	0
0	0
0	0
1	0
154	1
45	0
0	0
0	0
0	0
2	0
21	0
17	0
0	0
1	0
75	0
0	0
0	0
0	0
0	0
0	0
0	0
34	0
17	0
0	0
0	0
1319	0
0	0
0	0
0	0
0	0
0	0
0	0
0	0
1	0
0	0
0	0
0	0
18	0
13	1
0	0
0	0
0	0
9	0
0	0
45	0
0	0
0	0
0	0
0	0
0	0
0	0
0	0
0	0
5	0
14	0
0	0
0	0
0	0
0	0
0	0
47	0
45	0
8	0
0	0
0	0
0	0
6	0
6	0
0	0
1	0
0	0
0	0
0	0
0	0
0	0
0	0
0	0
0	0
0	0
0	0
0	0
43	0
0	0
0	0
0	0
191	0
0	0
0	0
0	0
0	0
147	0
75	0
0	0
0	0
10	0
0	0
0	0
0	0
0	0
0	0
0	0
0	0
0	0
0	0
0	0
0	0
11	0
4	0
0	0
23	0
0	0
0	0
0	0
0	0
0	0
7	0
0	0
0	0
0	0
0	0
13	0
0	0
12	0
0	0
68	0
0	0
0	0
0	0
0	0
1	0
0	0
0	0
0	0
0	0
0	0
0	0
42	0
0	0
0	0
0	0
0	0
0	0
0	0
0	0
0	0
0	0
0	0
18	0
0	0
15	0
0	0
0	0
1	0
0	0
0	0
1	0
0	0
0	0
0	0
0	0
52	0
4	0
4	0
0	0
1	0
0	0
1	0
152	0
4	0
0	0
39	0
0	0
0	0
0	0
0	0
0	0
0	0
0	0
22	0
0	0
0	0
0	0
0	0
16	0
0	0
25	0
26	0
0	0
0	0
0	0
0	0
4	0
0	0
3	0
0	0
0	0
0	0
36	0
0	0
9	0
5	0
2	0
3	0
0	0
7	0
8	0
81	0
0	0
3	0
0	0
0	0
0	0
0	0
0	0
3	0
0	0
0	0
0	0
0	0
0	0
0	0
0	0
0	0
0	0
0	0
0	0
11	0
0	0
0	0
0	0
216	0
2	0
24	0
0	0
0	0
0	0
0	0
0	0
1	0
2	0
0	0
0	0
0	0
1	0
2	0
0	0
2	0
0	0
0	0
198	0
0	0
0	0
0	0
0	0
27	0
0	0
0	0
0	0
0	0
1	0
0	0
0	0
0	0
0	0
0	0
75	3
0	0
1	0
0	0
0	0
0	0
0	0
0	0
39	0
0	0
0	0
0	0
10	0
21	0
0	0
576	0
3	0
1	0
0	0
0	0
0	0
0	0
3	0
0	0
0	0
79	0
17	0
0	0
7	0
0	0
0	0
0	0
0	0
0	0
4	0
0	0
0	0
0	0
0	0
0	0
0	0
0	0
0	0
0	0
0	0
0	0
0	0
0	0
0	0
11	0
0	0
0	0
0	0
0	0
0	0
0	0
0	0
0	0
0	0
0	0
0	0
0	0
0	0
0	0
0	0
0	0
7	0
0	0
0	0
0	0
0	0
85	0
2	0
25	0
0	0
0	0
0	0
0	0
0	0
0	0
0	0
0	0
0	0
8	0
1	0
2	0
0	0
0	0
36	0
45	0
0	0
0	0
89	0
0	0
0	0
0	0
3	0
3	0
0	0
0	0
0	0
9	0
542	0
0	0
0	0
37	0
0	0
0	0
0	0
13	0
0	0
0	0
0	0
0	0
0	0
0	0
0	0
0	0
0	0
3	0
0	0
2	0
0	0
0	0
0	0
0	0
0	0
5	0
21	0
0	0
0	0
8	0
0	0
0	0
0	0
0	0
0	0
0	0
0	0
0	0
0	0
0	0
0	0
23	0
1	0
0	0
46	0
0	0
0	0
0	0
3	0
0	0
1	0
0	0
0	0
0	0
0	0
0	0
0	0
0	0
0	0
0	0
0	0
0	0
0	0
0	0
51	0
2	0
0	0
0	0
0	0
27	0
0	0
0	0
2	0
0	0
8	0
0	0
0	0
0	0
0	0
0	0
0	0
0	0
11	0
0	0
1	0
4	0
0	0
0	0
1	0
0	0
0	0
0	0
0	0
3	0
0	0
0	0
0	0
0	0
0	0
0	0
0	0
0	0
0	0
0	0
0	0
15	0
249	0
0	0
104	0
67	0
0	0
0	0
9	0
0	0
2	0
0	0
0	0
0	0
1	0
2	0
0	0
0	0
2	0
0	0
8	0
0	0
0	0
0	0
0	0
0	0
0	0
0	0
0	0
0	0
60	0
0	0
1	0
18	0
0	0
0	0
0	0
42	0
0	0
0	0
0	0
0	0
8	0
0	0
0	0
207	0
1	0
0	0
0	0
0	0
88	0
0	0
67	0
4	0
1	0
0	0
31	0
73	0
0	0
0	0
0	0
0	0
0	0
0	0
0	0
0	0
0	0
0	0
0	0
66	0
0	0
0	0
0	0
0	0
0	0
0	0
0	0
0	0
3	0
0	0
0	0
0	0
28	0
29	0
0	0
0	0
0	0
1	0
0	0
0	0
0	0
3	0
0	0
0	0
0	0
0	0
2	0
0	0
0	0
0	0
16	0
4	0
0	0
0	0
0	0
26	0
342	0
12	0
0	0
12	0
0	0
0	0
0	0
0	0
0	0
0	0
11	0
1	0
0	0
2	0
0	0
0	0
0	0
50	0
0	0
0	0
0	0
4	0
0	0
0	0
0	0
0	0
0	0
39	0
0	0
0	0
209	0
171	0
6	0
0	0
0	0
102	0
8	0
0	0
7	0
0	0
0	0
0	0
0	0
0	0
0	0
0	0
0	0
0	0
0	0
36	0
3	0
282	0
0	0
1	0
0	0
0	0
0	0
1	0
472	0
0	0
0	0
21	0
127	3
2	0
0	0
0	0
0	0
0	0
0	0
0	0
0	0
0	0
0	0
0	0
0	0
0	0
1	0
0	0
0	0
3	0
700	0
0	0
0	0
0	0
357	0
0	0
0	0
0	0
14	0
5	0
0	0
1	0
0	0
0	0
0	0
0	0
3	0
0	0
3	0
0	0
0	0
0	0
2	0
0	0
0	0
0	0
0	0
0	0
0	0
0	0
10	0
104	0
0	0
0	0
21	0
0	0
0	0
0	0
0	0
0	0
0	0
0	0
0	0
0	0
214	0
15	0
0	0
0	0
0	0
0	0
292	0
0	0
0	0
0	0
0	0
9	0
38	0
0	0
0	0
7	0
0	0
0	0
0	0
0	0
1	0
72	0
0	0
0	0
0	0
0	0
23	0
0	0
31	0
5	0
0	0
0	0
0	0
123	0
0	0
0	0
0	0
0	0
0	0
0	0
0	0
0	0
0	0
0	0
0	0
0	0
0	0
0	0
0	0
0	0
0	0
0	0
236	0
1	0
0	0
0	0
1	0
0	0
0	0
15	0
0	0
0	0
3	0
0	0
0	0
0	0
0	0
0	0
0	0
0	0
0	0
2	0
11	0
0	0
0	0
0	0
1	0
385	0
0	0
0	0
0	0
0	0
0	0
7	0
0	0
0	0
0	0
0	0
0	0
0	0
0	0
18	0
0	0
0	0
9	0
230	0
0	0
16	0
0	0
25	0
0	0
0	0
0	0
0	0
0	0
0	0
0	0
0	0
0	0
0	0
0	0
0	0
0	0
0	0
4	0
46	0
0	0
0	0
37	0
0	0
0	0
23	0
1	0
7	0
0	0
0	0
0	0
0	0
4	0
0	0
0	0
2598	0
0	0
8	0
0	0
0	0
0	0
0	0
0	0
0	0
5	0
0	0
1	0
0	0
0	0
0	0
0	0
0	0
0	0
0	0
69	1
0	0
0	0
33	0
55	0
0	0
0	0
0	0
0	0
0	0
0	0
0	0
0	0
0	0
0	0
0	0
60	0
0	0
0	0
19	0
0	0
190	0
0	0
0	0
0	0
0	0
0	0
0	0
4	0
0	0
1	0
0	0
95	0
2	0
20	0
0	0
0	0
0	0
0	0
20	0
0	0
0	0
0	0
1	0
0	0
9	0
0	0
0	0
0	0
2	0
0	0
0	0
0	0
0	0
0	0
0	0
0	0
0	0
0	0
0	0
257	0
0	0
0	0
0	0
148	0
2	0
0	0
0	0
0	0
0	0
0	0
0	0
0	0
1	0
29	0
0	0
0	0
266	0
0	0
12	0
0	0
0	0
0	0
0	0
0	0
0	0
0	0
0	0
0	0
3	0
0	0
0	0
22	0
0	0
0	0
0	0
10	0
5	0
0	0
0	0
16	0
0	0
9	0
0	0
1	0
32	0
0	0
0	0
0	0
4	0
0	0
0	0
0	0
0	0
223	0
0	0
0	0
0	0
0	0
0	0
0	0
0	0
0	0
0	0
75	0
0	0
268	1
0	0
0	0
0	0
24	0
0	0
0	0
3	0
96	0
0	0
40	3
0	0
0	0
0	0
0	0
0	0
0	0
0	0
0	0
0	0
0	0
0	0
0	0
0	0
8	0
9	0
0	0
121	0
0	0
0	0
0	0
0	0
0	0
0	0
3	0
0	0
0	0
0	0
0	0
0	0
0	0
0	0
21	0
0	0
0	0
26	0
0	0
0	0
0	0
0	0
1	0
0	0
0	0
0	0
0	0
0	0
0	0
0	0
0	0
7	0
8	0
0	0
5	0
2	0
0	0
4	0
0	0
0	0
0	0
13	0
0	0
0	0
6	0
0	0
0	0
0	0
0	0
0	0
0	0
0	0
0	0
0	0
0	0
0	0
0	0
0	0
2	0
0	0
0	0
49	0
0	0
1	0
0	0
0	0
0	0
0	0
0	0
106	0
27	0
0	0
0	0
12	0
1	0
0	0
0	0
0	0
0	0
0	0
0	0
0	0
0	0
0	0
0	0
0	0
0	0
0	0
0	0
0	0
0	0
0	0
21	0
2	0
34	0
0	0
206	2
0	0
0	0
0	0
0	0
0	0
0	0
0	0
71	0
0	0
0	0
0	0
0	0
0	0
0	0
0	0
0	0
3	0
0	0
0	0
0	0
0	0
0	0
0	0
0	0
0	0
0	0
12	0
0	0
0	0
0	0
0	0
0	0
0	0
0	0
0	0
0	0
0	0
0	0
0	0
35	0
0	0
0	0
0	0
0	0
0	0
0	0
26	0
133	0
0	0
1	0
2	0
0	0
0	0
0	0
0	0
0	0
3	0
6	0
0	0
0	0
2	0
0	0
0	0
0	0
1	0
0	0
0	0
0	0
18	0
2	1
269	1
406	0
9	0
149	0
0	0
0	0
0	0
2	0
0	0
1	0
1	0
0	0
17	0
0	0
1	0
0	0
0	0
0	0
0	0
0	0
0	0
0	0
0	0
1	0
4	0
1	0
4	0
0	0
316	0
0	0
1	0
0	0
19	0
5	0
3	0
7	0
171	0
0	0
0	0
0	0
46	0
0	0
0	0
0	0
0	0
0	0
0	0
0	0
0	0
0	0
0	0
0	0
1	0
0	0
9	0
0	0
0	0
0	0
2	0
0	0
0	0
0	0
0	0
0	0
13	0
3	0
12	0
213	0
3	0
0	0
0	0
0	0
0	0
0	0
0	0
6	0
3918	0
0	0
0	0
0	0
0	0
7	0
125	0
0	0
0	0
0	0
1	0
0	0
0	0
0	0
0	0
0	0
0	0
55	0
0	0
6	0
2	0
0	0
0	0
0	0
0	0
0	0
168	0
0	0
0	0
0	0
0	0
0	0
0	0
67	1
55	0
0	0
0	0
0	0
0	0
0	0
2	0
0	0
0	0
0	0
1	0
0	0
0	0
0	0
5	0
8	0
1	0
0	0
0	0
0	0
0	0
0	0
0	0
0	0
0	0
1	0
0	0
484	0
24	0
0	0
71	0
0	0
0	0
0	0
0	0
11	0
13	0
0	0
0	0
0	0
2	0
5	0
54	0
0	0
0	0
0	0
0	0
13	0
290	2
11	0
115	0
0	0
0	0
6	0
0	0
484	0
0	0
0	0
0	0
0	0
0	0
14	0
0	0
0	0
0	0
0	0
0	0
0	0
0	0
0	0
0	0
0	0
0	0
0	0
0	0
52	0
0	0
0	0
0	0
181	0
14	0
0	0
4	0
11	0
0	0
0	0
0	0
0	0
0	0
0	0
0	0
0	0
0	0
0	0
0	0
7	0
0	0
0	0
0	0
0	0
0	0
0	0
0	0
0	0
0	0
2	0
0	0
0	0
0	0
0	0
56	0
2	0
0	0
0	0
0	0
0	0
0	0
0	0
49	0
20	0
105	0
0	0
0	0
0	0
12	0
0	0
465	0
0	0
0	0
22	0
3	0
0	0
21	0
0	0
47	0
0	0
0	0
0	0
0	0
0	0
0	0
0	0
0	0
0	0
0	0
1	0
0	0
0	0
0	0
0	0
1	0
0	0
12	0
0	0
0	0
0	0
0	0
0	0
0	0
0	0
1	0
0	0
7	0
0	0
0	0
0	0
0	0
0	0
61	0
0	0
1	0
0	0
0	0
0	0
42	0
0	0
0	0
0	0
0	0
0	0
0	0
0	0
155	0
1	0
0	0
0	0
0	0
1	0
5	0
3	0
0	0
0	0
2	0
109	0
0	0
13	0
0	0
1	0
0	0
0	0
0	0
0	0
0	0
0	0
0	0
0	0
0	0
0	0
0	0
147	0
0	0
0	0
3	0
0	0
20	0
0	0
0	0
0	0
3	0
0	0
0	0
0	0
69	0
0	0
148	0
0	0
0	0
0	0
71	0
0	0
72	0
9	0
0	0
0	0
0	0
35	0
0	0
0	0
0	0
3	0
46	0
0	0
0	0
0	0
0	0
0	0
0	0
0	0
12	0
0	0
0	0
0	0
0	0
0	0
0	0
3	0
0	0
3	0
0	0
135	0
0	0
0	0
0	0
0	0
0	0
1	0
0	0
0	0
0	0
0	0
0	0
0	0
0	0
0	0
0	0
67	0
0	0
73	0
0	0
0	0
2	0
0	0
0	0
0	0
334	0
8	0
0	0
199	0
0	0
0	0
0	0
0	0
0	0
0	0
6	0
0	0
0	0
0	0
0	0
0	0
2	0
0	0
0	0
3	0
0	0
0	0
0	0
0	0
0	0
0	0
0	0
0	0
0	0
0	0
0	0
0	0
0	0
0	0
6	0
0	0
0	0
0	0
14	0
0	0
0	0
2	0
5	0
22	0
0	0
0	0
0	0
16	0
0	0
0	0
0	0
78	0
8	0
0	0
0	0
0	0
0	0
0	0
0	0
71	0
3	0
190	0
4	0
0	0
0	0
0	0
0	0
4	0
0	0
7	0
0	0
3	0
0	0
54	0
0	0
0	0
0	0
0	0
0	0
0	0
1	0
0	0
0	0
0	0
0	0
8	0
0	0
0	0
0	0
11	0
0	0
10	0
0	0
0	0
0	0
0	0
0	0
129	0
0	0
0	0
0	0
0	0
18	0
3	0
0	0
0	0
0	0
0	0
0	0
0	0
32	0
0	0
1	0
0	0
0	0
0	0
0	0
20	0
0	0
0	0
8	0
13	0
0	0
501	0
0	0
3	0
53	0
241	17
14	0
0	0
0	0
5	0
0	0
0	0
8	0
0	0
0	0
4	0
0	0
4	0
2	0
63	0
4	0
0	0
0	0
0	0
7	0
0	0
0	0
0	0
0	0
0	0
0	0
0	0
0	0
0	0
73	0
0	0
0	0
0	0
0	0
0	0
0	0
0	0
1	0
0	0
0	0
0	0
0	0
0	0
0	0
0	0
0	0
0	0
0	0
0	0
0	0
2	0
0	0
0	0
2	0
6	0
0	0
0	0
0	0
0	0
1201	0
0	0
0	0
16	0
9	0
0	0
0	0
0	0
0	0
0	0
0	0
0	0
0	0
0	0
0	0
0	0
1	0
2	0
0	0
0	0
0	0
0	0
0	0
1	0
0	0
0	0
18	0
0	0
0	0
2	0
0	0
0	0
0	0
0	0
0	0
1	0
0	0
0	0
0	0
0	0
0	0
0	0
6	0
0	0
0	0
0	0
0	0
0	0
0	0
23	0
0	0
20	0
0	0
0	0
0	0
0	0
0	0
0	0
0	0
0	0
0	0
0	0
18	0
0	0
0	0
0	0
4	0
0	0
0	0
0	0
0	0
0	0
0	0
0	0
0	0
0	0
0	0
0	0
0	0
0	0
0	0
23	0
1	0
0	0
0	0
2	0
0	0
0	0
0	0
0	0
14	0
0	0
56	0
0	0
0	0
0	0
0	0
0	0
0	0
0	0
0	0
0	0
0	0
0	0
15	0
0	0
0	0
11	0
0	0
0	0
5	0
2	0
0	0
145	0
0	0
34	0
15	0
0	0
19	0
48	0
0	0
0	0
0	0
49	0
0	0
0	0
0	0
0	0
3	0
65	0
0	0
0	0
1	0
5	0
0	0
0	0
0	0
0	0
0	0
0	0
0	0
0	0
0	0
0	0
0	0
0	0
0	0
0	0
0	0
0	0
8	0
0	0
0	0
3	0
1924	1
0	0
1	0
112	0
0	0
0	0
0	0
0	0
0	0
62	0
15	0
0	0
0	0
2	0
0	0
852	0
3	0
9	0
33	0
58	0
0	0
0	0
0	0
2	0
0	0
0	0
15	0
0	0
1	0
0	0
0	0
0	0
0	0
0	0
0	0
40	0
0	0
0	0
16	0
11	0
0	0
6	0
42	0
0	0
0	0
0	0
7	0
0	0
0	0
4	0
80	0
0	0
0	0
0	0
0	0
0	0
0	0
0	0
0	0
0	0
0	0
0	0
0	0
0	0
0	0
0	0
9	0
0	0
10	0
0	0
0	0
0	0
0	0
0	0
0	0
14	0
0	0
0	0
0	0
1	0
9	0
252	0
0	0
0	0
23	0
0	0
0	0
0	0
1757	0
0	0
0	0
0	0
0	0
0	0
0	0
0	0
0	0
22	0
0	0
0	0
0	0
18	0
0	0
0	0
49	0
0	0
0	0
0	0
0	0
0	0
7	0
0	0
0	0
0	0
0	0
0	0
77	0
0	0
0	0
0	0
40	0
0	0
0	0
0	0
462	0
0	0
1	0
0	0
0	0
0	0
0	0
0	0
213	0
0	0
0	0
10	0
0	0
0	0
1	0
0	0
25	0
0	0
174	0
4	0
0	0
8	0
9	0
0	0
1	0
0	0
0	0
0	0
515	0
0	0
0	0
0	0
0	0
4	0
0	0
4	0
39	0
0	0
0	0
0	0
0	0
0	0
0	0
0	0
0	0
0	0
0	0
0	0
0	0
0	0
0	0
0	0
25	0
0	0
0	0
1	0
0	0
0	0
0	0
0	0
0	0
411	0
207	0
2	0
0	0
0	0
7	0
0	0
1	0
9	0
20	0
0	0
0	0
0	0
0	0
0	0
0	0
0	0
0	0
0	0
20	0
0	0
0	0
0	0
0	0
0	0
0	0
7	0
172	0
0	0
0	0
1	0
4	0
79	0
7	0
1	0
0	0
0	0
0	0
0	0
4	0
1	0
0	0
0	0
2	0
0	0
3	0
53	0
0	0
0	0
0	0
0	0
0	0
0	0
0	0
52	0
0	0
0	0
0	0
0	0
0	0
11	0
0	0
16	0
0	0
10	0
0	0
0	0
0	0
0	0
0	0
0	0
0	0
0	0
0	0
0	0
32	0
0	0
0	0
0	0
0	0
0	0
0	0
0	0
0	0
0	0
0	0
0	0
0	0
0	0
0	0
0	0
0	0
0	0
0	0
0	0
0	0
0	0
0	0
0	0
0	0
0	0
0	0
0	0
0	0
0	0
0	0
0	0
0	0
0	0
189	0
0	0
0	0
0	0
0	0
7	0
16	0
0	0
0	0
0	0
0	0
5	0
0	0
207	0
15	0
6	0
41	0
0	0
0	0
0	0
0	0
0	0
0	0
20	0
0	0
182	0
0	0
0	0
0	0
0	0
0	0
0	0
0	0
14	0
164	0
0	0
0	0
0	0
12	0
0	0
0	0
4	0
0	0
0	0
98	0
269	0
51	0
0	0
13	0
15	0
4	0
0	0
0	0
0	0
0	0
25	0
116	0
0	0
0	0
0	0
28	0
0	0
30	0
0	0
0	0
0	0
0	0
0	0
0	0
0	0
0	0
0	0
1	0
3	0
0	0
0	0
0	0
0	0
0	0
4	0
0	0
0	0
0	0
0	0
0	0
0	0
0	0
1	0
0	0
18	0
7	0
0	0
0	0
63	0
13	0
0	0
0	0
0	0
0	0
0	0
0	0
0	0
0	0
24	0
0	0
0	0
0	0
0	0
0	0
0	0
0	0
0	0
0	0
0	0
0	0
0	0
0	0
0	0
1	0
0	0
0	0
0	0
0	0
0	0
894	0
0	0
0	0
0	0
0	0
97	0
0	0
0	0
1	0
0	0
0	0
0	0
0	0
0	0
16	0
0	0
0	0
0	0
0	0
1	0
0	0
0	0
0	0
0	0
0	0
0	0
0	0
629	0
0	0
0	0
0	0
0	0
16	0
0	0
0	0
27	1
0	0
0	0
0	0
0	0
0	0
0	0
130	0
0	0
0	0
0	0
0	0
24	0
4	0
0	0
0	0
0	0
0	0
0	0
0	0
129	0
146	0
11	0
0	0
0	0
0	0
0	0
0	0
8	0
0	0
85	0
2	0
0	0
0	0
0	0
0	0
0	0
0	0
0	0
0	0
0	0
0	0
0	0
0	0
0	0
0	0
213	0
0	0
0	0
0	0
0	0
0	0
8	0
0	0
0	0
0	0
0	0
0	0
121	0
0	0
0	0
78	0
0	0
0	0
0	0
2	0
141	0
10	0
0	0
0	0
19	0
1	0
21	0
0	0
0	0
0	0
445	0
0	0
0	0
0	0
48	0
0	0
4	0
97	0
0	0
5	0
0	0
0	0
3	0
21	0
0	0
0	0
0	0
1	0
0	0
35	0
0	0
0	0
119	0
0	0
166	0
0	0
1375	0
0	0
0	0
14	0
9	0
0	0
0	0
0	0
0	0
0	0
0	0
0	0
7	0
0	0
0	0
34	0
0	0
0	0
65	0
0	0
0	0
0	0
0	0
40	0
2	0
0	0
0	0
5	0
32	0
0	0
0	0
0	0
0	0
0	0
22	0
0	0
0	0
0	0
0	0
1	0
0	0
0	0
0	0
0	0
64	0
0	0
0	0
9	0
0	0
0	0
0	0
0	0
0	0
3	0
0	0
1	0
0	0
1305	0
0	0
12	0
14	0
1	0
2	0
0	0
1	0
0	0
14	0
0	0
21	0
0	0
30	0
0	0
0	0
0	0
0	0
1	0
0	0
0	0
0	0
0	0
0	0
0	0
0	0
0	0
0	0
0	0
7	0
5	0
0	0
0	0
0	0
24	0
0	0
0	0
0	0
0	0
0	0
0	0
0	0
95	0
0	0
0	0
0	0
0	0
0	0
7	0
0	0
0	0
0	0
0	0
13	0
0	0
0	0
49	0
0	0
0	0
0	0
0	0
0	0
0	0
0	0
0	0
2	0
0	0
0	0
0	0
0	0
0	0
0	0
0	0
0	0
0	0
0	0
0	0
11	0
0	0
0	0
0	0
0	0
0	0
0	0
0	0
0	0
0	0
4	0
0	0
0	0
0	0
0	0
0	0
0	0
0	0
0	0
0	0
101	2
0	0
0	0
0	0
0	0
4	0
0	0
15	0
0	0
8	0
3	0
0	0
0	0
0	0
0	0
3	0
0	0
0	0
2	0
65	0
0	0
0	0
0	0
0	0
0	0
0	0
5	0
0	0
0	0
0	0
0	0
11	0
0	0
42	0
0	0
154	0
0	0
0	0
0	0
13	0
0	0
0	0
0	0
0	0
0	0
0	0
0	0
0	0
0	0
0	0
2	0
0	0
92	0
0	0
1595	0
18	0
0	0
42	0
48	0
0	0
0	0
0	0
0	0
36	1
7	0
0	0
0	0
0	0
0	0
0	0
5	0
0	0
0	0
0	0
871	0
0	0
0	0
0	0
0	0
0	0
0	0
0	0
0	0
0	0
3	0
0	0
0	0
8	0
0	0
3	0
0	0
0	0
66	0
765	0
0	0
9	0
12	0
0	0
0	0
8	0
0	0
0	0
0	0
0	0
0	0
0	0
0	0
0	0
12	0
0	0
0	0
0	0
0	0
0	0
0	0
0	0
0	0
0	0
0	0
0	0
0	0
0	0
4	0
0	0
0	0
0	0
0	0
0	0
3	0
4	0
0	0
0	0
0	0
0	0
5	0
0	0
0	0
0	0
0	0
0	0
11	0
0	0
11	0
0	0
0	0
0	0
0	0
1	0
0	0
0	0
0	0
0	0
0	0
0	0
0	0
0	0
0	0
0	0
0	0
0	0
0	0
6	0
0	0
473	0
0	0
23	0
0	0
0	0
0	0
0	0
0	0
1	0
0	0
0	0
0	0
0	0
0	0
0	0
0	0
0	0
0	0
13	0
3	0
0	0
0	0
0	0
0	0
0	0
0	0
10	0
5	0
9	0
0	0
0	0
0	0
0	0
0	0
0	0
0	0
0	0
0	0
0	0
0	0
60	0
0	0
0	0
99	0
10	0
0	0
0	0
0	0
0	0
0	0
3	0
1	0
0	0
0	0
0	0
0	0
0	0
0	0
0	0
0	0
0	0
0	0
0	0
0	0
0	0
0	0
0	0
0	0
0	0
0	0
2	0
0	0
0	0
0	0
33	0
0	0
0	0
0	0
0	0
0	0
2	0
0	0
0	0
135	0
104	0
0	0
0	0
0	0
92	0
0	0
0	0
0	0
356	22
0	0
0	0
38	0
0	0
62	0
594	0
0	0
10	0
0	0
0	0
0	0
9	0
0	0
0	0
0	0
0	0
0	0
0	0
87	0
0	0
0	0
0	0
0	0
0	0
3	0
0	0
11	0
0	0
0	0
0	0
0	0
0	0
0	0
0	0
0	0
0	0
0	0
25	0
0	0
0	0
0	0
5	0
4	0
0	0
0	0
1	0
0	0
5	0
14	0
0	0
0	0
0	0
0	0
0	0
0	0
5	0
0	0
25	0
0	0
0	0
0	0
0	0
2	0
0	0
122	17
10	0
11	0
0	0
167	0
0	0
0	0
0	0
0	0
0	0
0	0
1	0
0	0
0	0
0	0
0	0
0	0
5	0
0	0
0	0
0	0
0	0
10	0
82	0
0	0
0	0
0	0
0	0
511	0
0	0
0	0
3	0
0	0
6	0
0	0
0	0
0	0
0	0
0	0
0	0
0	0
0	0
0	0
0	0
0	0
9	0
0	0
0	0
0	0
0	0
0	0
0	0
0	0
0	0
0	0
0	0
0	0
2	0
3	0
42	0
0	0
0	0
0	0
57	0
0	0
0	0
0	0
0	0
0	0
0	0
0	0
0	0
0	0
0	0
0	0
0	0
0	0
0	0
0	0
7	0
77	0
0	0
5	0
0	0
0	0
0	0
0	0
0	0
0	0
0	0
0	0
0	0
0	0
0	0
0	0
86	0
0	0
0	0
151	0
0	0
0	0
5	0
0	0
0	0
0	0
2	0
0	0
0	0
1	0
0	0
0	0
1	0
0	0
0	0
0	0
0	0
0	0
0	0
0	0
0	0
11	0
0	0
0	0
0	0
0	0
0	0
0	0
0	0
0	0
0	0
0	0
0	0
0	0
0	0
0	0
5	0
11	0
0	0
4	0
0	0
0	0
0	0
66	0
0	0
0	0
0	0
0	0
0	0
0	0
24	0
0	0
0	0
0	0
0	0
0	0
1	0
0	0
10	0
3	0
13	0
0	0
0	0
0	0
0	0
0	0
122	2
0	0
69	0
0	0
4	0
14	0
96	0
0	0
135	0
0	0
0	0
0	0
85	0
0	0
0	0
0	0
1	0
0	0
0	0
0	0
0	0
152	0
0	0
0	0
0	0
0	0
8	0
0	0
0	0
2	0
0	0
0	0
0	0
2	0
0	0
0	0
0	0
0	0
0	0
1	0
0	0
0	0
0	0
0	0
0	0
0	0
212	0
0	0
135	0
0	0
0	0
0	0
0	0
4	0
0	0
0	0
60	0
0	0
0	0
0	0
14	0
22	0
0	0
0	0
0	0
0	0
0	0
7	0
0	0
0	0
0	0
0	0
0	0
0	0
0	0
0	0
0	0
0	0
0	0
0	0
0	0
0	0
0	0
31	0
66	0
102	0
0	0
0	0
8	0
0	0
97	0
0	0
0	0
0	0
15	0
4	0
0	0
5	0
3	0
186	0
0	0
81	0
0	0
0	0
0	0
0	0
0	0
0	0
0	0
0	0
0	0
5	0
9	0
31	3
0	0
0	0
0	0
0	0
0	0
0	0
0	0
40	0
0	0
0	0
0	0
0	0
0	0
0	0
9	0
0	0
0	0
0	0
2	0
0	0
0	0
0	0
0	0
0	0
0	0
0	0
0	0
0	0
0	0
0	0
0	0
0	0
0	0
0	0
0	0
0	0
0	0
2	0
2	0
0	0
3	0
0	0
33	0
0	0
0	0
0	0
0	0
40	0
0	0
0	0
0	0
1	0
5	0
27	0
0	0
0	0
0	0
3	0
0	0
0	0
0	0
0	0
0	0
0	0
0	0
0	0
0	0
7	0
0	0
0	0
0	0
0	0
0	0
8	0
3	0
0	0
0	0
205	0
0	0
0	0
0	0
0	0
4	0
0	0
0	0
0	0
8	0
0	0
0	0
0	0
0	0
0	0
0	0
0	0
0	0
59	0
0	0
1	0
0	0
0	0
0	0
236	0
0	0
0	0
7	0
289	0
0	0
0	0
0	0
0	0
0	0
0	0
0	0
0	0
0	0
0	0
0	0
0	0
0	0
0	0
0	0
0	0
34	0
4	0
0	0
0	0
0	0
0	0
0	0
0	0
10	0
2	0
0	0
10	0
0	0
0	0
1	0
0	0
0	0
0	0
5	0
0	0
56	0
0	0
5	0
11	0
0	0
0	0
0	0
0	0
5	0
0	0
7	0
0	0
7	0
0	0
0	0
0	0
0	0
0	0
0	0
0	0
0	0
0	0
0	0
1	0
0	0
0	0
0	0
9	0
0	0
0	0
0	0
53	0
0	0
297	0
39	0
2	0
0	0
0	0
0	0
684	0
0	0
0	0
0	0
0	0
0	0
0	0
0	0
0	0
0	0
44	0
0	0
0	0
4	0
0	0
6	0
0	0
0	0
80	0
0	0
0	0
0	0
0	0
0	0
0	0
0	0
0	0
0	0
0	0
0	0
0	0
0	0
26	0
0	0
0	0
0	0
0	0
0	0
0	0
0	0
0	0
20	0
0	0
0	0
0	0
0	0
31	0
71	0
0	0
0	0
0	0
0	0
0	0
0	0
0	0
11	0
4	0
0	0
0	0
0	0
0	0
4	0
0	0
0	0
0	0
82	0
0	0
0	0
3	0
178	0
12	0
0	0
0	0
0	0
0	0
0	0
157	0
0	0
0	0
0	0
294	4
2	0
0	0
0	0
0	0
0	0
0	0
0	0
0	0
75	0
0	0
0	0
95	0
0	0
0	0
0	0
0	0
0	0
0	0
0	0
0	0
0	0
0	0
0	0
98	0
0	0
0	0
0	0
0	0
170	0
0	0
0	0
0	0
0	0
0	0
0	0
0	0
0	0
0	0
0	0
0	0
0	0
0	0
0	0
0	0
0	0
0	0
0	0
2	0
0	0
0	0
3	0
0	0
0	0
1	0
2	0
0	0
0	0
230	0
0	0
0	0
167	0
5	0
0	0
0	0
0	0
0	0
0	0
42	0
0	0
0	0
0	0
0	0
0	0
0	0
0	0
0	0
0	0
0	0
0	0
0	0
0	0
0	0
0	0
0	0
0	0
0	0
0	0
0	0
0	0
3	0
0	0
69	0
3	0
0	0
0	0
41	0
0	0
0	0
0	0
0	0
0	0
0	0
0	0
0	0
0	0
0	0
0	0
15	0
0	0
0	0
0	0
2	0
0	0
0	0
0	0
0	0
0	0
154	0
0	0
1	0
0	0
0	0
0	0
21	0
0	0
103	0
0	0
0	0
0	0
3	0
0	0
1	0
0	0
0	0
0	0
0	0
0	0
0	0
27	0
0	2
59	0
0	0
0	0
0	0
0	0
1	0
0	0
24	0
0	0
0	0
0	0
0	0
0	0
0	0
2	0
0	0
0	0
0	0
0	0
4	0
0	0
0	0
0	0
0	0
4	0
0	0
0	0
0	0
0	0
0	0
0	0
0	0
4	0
0	0
0	0
37	0
0	0
0	0
0	0
0	0
0	0
0	0
0	0
0	0
0	0
0	0
0	0
0	0
0	0
0	0
0	0
0	0
0	0
0	0
0	0
35	0
6	0
5	0
0	0
0	0
152	0
0	0
0	0
0	0
0	0
0	0
0	0
0	0
1	0
0	0
0	0
2	0
0	0
66	0
0	0
15	0
45	0
0	0
0	0
0	0
0	0
0	0
0	0
0	0
5	0
285	0
0	0
0	0
0	0
6	0
6	0
0	0
0	0
0	0
0	0
0	0
0	0
0	0
0	0
0	0
0	0
0	0
0	0
40	0
0	0
1	0
7	0
0	0
1	0
717	0
0	0
0	0
0	0
0	0
0	0
0	0
0	0
0	0
0	0
0	0
0	0
0	0
20	0
0	0
0	0
0	0
0	0
0	0
0	0
0	0
0	0
0	0
0	0
0	0
0	0
0	0
6	0
0	0
0	0
0	0
0	0
0	0
0	0
208	0
0	0
3	0
0	0
361	0
30	0
4	0
0	0
0	0
0	0
0	0
0	0
0	0
10	0
107	0
0	0
0	0
0	0
0	0
1	0
0	0
40	0
0	0
0	0
0	0
0	0
119	0
0	0
2	0
0	0
0	0
12	0
185	0
5	0
0	0
4	0
0	0
0	0
0	0
0	0
0	0
0	0
0	0
0	0
0	0
0	0
0	0
0	0
0	0
0	0
0	0
0	0
69	0
0	0
0	0
0	0
0	0
0	0
45	0
0	0
0	0
0	0
0	0
0	0
0	0
0	0
0	0
0	0
0	0
0	0
0	0
0	0
0	0
2	0
0	0
0	0
35	0
0	0
1	0
0	0
32	0
0	0
0	0
0	0
0	0
4	0
0	0
0	0
0	0
0	0
0	0
0	0
0	0
3	0
0	0
0	0
0	0
0	0
0	0
0	0
0	0
0	0
0	0
0	0
0	0
0	0
0	0
0	0
0	0
21	0
0	0
0	0
0	0
22	0
0	0
0	0
0	0
0	0
0	0
0	0
0	0
6	0
0	0
0	0
0	0
0	0
0	0
0	0
7	0
2	0
0	0
0	0
0	0
0	0
0	0
0	0
68	0
0	0
0	0
0	0
0	0
2	0
0	0
0	0
0	0
0	0
56	0
0	0
15	0
18	0
0	0
42	2
21	0
49	0
0	0
0	0
0	0
1	0
0	0
0	0
0	0
5	0
0	0
0	0
37	0
0	0
0	0
0	0
0	0
0	0
0	0
0	0
0	0
0	0
2	0
2	0
0	0
0	0
0	0
0	0
1	0
0	0
69	0
0	0
0	0
96	0
9	0
0	0
9	0
0	0
0	0
0	0
0	0
16	0
0	0
0	0
0	0
4	0
0	0
0	0
0	0
0	0
1	0
0	0
0	0
0	0
16	0
3	0
0	0
6	0
0	0
0	0
29	0
0	0
0	0
0	0
0	0
2	0
0	0
0	0
0	0
0	0
0	0
0	0
0	0
0	0
26	0
12	0
6	0
0	0
0	0
0	0
0	0
0	0
0	0
0	0
0	0
0	0
76	0
0	0
0	0
0	0
1	0
0	0
28	0
9	0
0	0
0	0
0	0
0	0
2	0
0	0
0	0
0	0
0	0
0	0
0	0
0	0
0	0
0	0
0	0
3	0
84	0
0	0
19	0
1	0
0	0
0	0
0	0
6	0
854	0
45	0
0	0
0	0
0	0
0	0
0	0
0	0
0	0
0	0
0	0
0	0
22	0
0	0
0	0
0	0
0	0
0	0
0	0
0	0
0	0
0	0
2	0
0	0
0	0
0	0
123	1
0	0
0	0
0	0
0	0
4	0
0	0
0	0
20	0
0	0
0	0
0	0
13	0
0	0
0	0
0	0
0	0
3	0
0	0
31	0
37	0
1	0
0	0
0	0
0	0
0	0
0	0
0	0
0	0
1	0
169	0
2	0
0	0
0	0
0	0
0	0
0	0
0	0
0	0
2	0
0	0
0	0
0	0
0	0
0	0
332	0
0	0
0	0
0	0
0	0
0	0
56	0
0	0
0	0
0	0
0	0
0	0
0	0
0	0
3	0
0	0
0	0
0	0
0	0
0	0
0	0
0	0
0	0
7	0
0	0
0	0
219	0
0	0
0	0
2	0
71	0
3	0
0	0
0	0
0	0
2	0
0	0
0	0
0	0
0	0
4	0
0	0
0	0
0	0
0	0
2	0
0	0
14	0
0	0
0	0
3	0
0	0
0	0
0	0
0	0
0	0
0	0
0	0
16	0
410	0
4	0
0	0
0	0
0	0
0	0
0	0
0	0
0	0
0	0
0	0
0	0
0	0
0	0
0	0
0	0
0	0
0	0
0	0
0	0
6	0
0	0
0	0
42	0
0	0
0	0
0	0
0	0
1	0
0	0
49	0
0	0
0	0
0	0
0	0
0	0
4	0
2	0
0	0
0	0
0	0
0	0
0	0
0	0
0	0
20	0
0	0
0	0
0	0
0	0
0	0
0	0
0	0
3	0
19	0
0	0
41	0
0	0
0	0
1	0
0	0
0	0
0	0
138	2
0	0
0	0
0	0
0	0
98	0
2	0
0	0
1	0
27	0
0	0
0	0
0	0
4	0
0	0
6	0
2	0
0	0
0	0
0	0
0	0
0	0
1	0
0	0
5	0
0	0
0	0
0	0
11	0
0	0
0	0
102	0
0	0
0	0
2	0
1126	0
0	0
0	0
0	0
0	0
0	0
23	0
71	0
1	0
24	0
1	0
0	0
6	0
0	0
28	0
0	0
0	0
3	0
26	0
11	0
0	0
0	0
0	0
0	0
13	0
0	0
2	0
0	0
1	0
3	0
42	0
0	0
1304	0
0	0
0	0
6	0
2	0
0	0
0	0
0	0
0	0
0	0
10	0
0	0
0	0
0	0
0	0
0	0
0	0
0	0
0	0
0	0
0	0
0	0
0	0
0	0
0	0
2	0
124	0
0	0
0	0
0	0
0	0
308	0
1533	0
0	0
0	0
0	0
0	0
0	0
7	0
0	0
1	0
68	0
0	0
0	0
0	0
0	0
0	0
0	0
0	0
0	0
0	0
0	0
0	0
0	0
0	0
71	0
0	0
0	0
1	0
2	0
0	0
0	0
53	0
3	0
0	0
0	0
0	0
0	0
0	0
0	0
5	0
7	0
1	0
50	0
197	0
21	0
0	0
0	0
0	0
0	0
21	0
56	0
2	0
0	0
0	0
17	0
0	0
414	0
0	0
0	0
0	0
27	0
0	0
0	0
0	0
0	0
0	0
0	0
2	0
0	0
0	0
36	0
0	0
4	0
0	0
0	0
0	0
56	1
0	0
0	0
0	0
0	0
46	0
0	0
0	0
0	0
3	0
0	0
0	0
0	0
0	0
0	0
35	0
0	0
0	0
0	0
0	0
0	0
1	0
0	0
11	0
0	0
0	0
327	0
0	0
0	0
0	0
0	0
0	0
2	0
12	0
7	0
0	0
3	0
0	0
1	0
0	0
0	0
0	0
2	0
0	0
33	0
0	0
0	0
0	0
0	0
5	0
3	0
0	0
0	0
0	0
0	0
0	0
0	0
0	0
0	0
6	0
1	0
0	0
0	0
0	0
0	0
0	0
0	0
10	0
0	0
0	0
0	0
0	0
0	0
0	0
0	0
0	0
28	0
0	0
0	0
0	0
11	0
0	0
0	0
0	0
129	0
0	0
0	0
0	0
0	0
0	0
0	0
0	0
0	0
0	0
3	0
0	0
14	0
1	0
0	0
0	0
40	0
0	0
0	0
0	0
342	0
0	0
3	0
13	0
12	0
0	0
0	0
23	0
0	0
0	0
43	0
0	0
0	0
203	0
8	0
0	0
0	0
0	0
0	0
24	0
0	0
0	0
0	0
0	0
0	0
0	0
0	0
0	0
17	0
5	0
0	0
0	0
0	0
0	0
0	0
0	0
0	0
0	0
3	0
0	0
8	0
0	0
0	0
0	0
59	0
0	0
0	0
0	0
3	0
0	0
971	0
0	0
0	0
0	0
0	0
12	0
0	0
0	0
0	0
0	0
0	0
0	0
0	0
0	0
0	0
0	0
0	0
4	0
92	0
1	0
49	0
0	0
93	0
0	0
0	0
0	0
0	0
0	0
84	0
0	0
0	0
0	0
0	0
0	0
0	0
0	0
1	0
0	0
0	0
3	0
16	0
0	0
11	0
0	0
0	0
0	0
0	0
0	0
110	0
0	0
9	0
0	0
0	0
0	0
0	0
0	0
0	0
0	0
0	0
3	0
8	0
12	0
0	0
0	0
1	0
0	0
1	0
0	0
0	0
0	0
0	0
0	0
246	0
3	0
4	0
0	0
0	0
0	0
0	0
1	0
121	0
0	0
0	0
0	0
1	0
0	0
0	0
0	0
5	0
101	0
0	0
0	0
0	0
0	0
0	0
0	0
0	0
0	0
0	0
1	0
0	0
0	0
0	0
21	0
0	0
0	0
220	0
0	0
0	0
0	0
0	0
0	0
0	0
0	0
0	0
0	0
0	0
0	0
0	0
0	0
1	0
27	0
0	0
12	0
0	0
0	0
0	0
1366	0
0	0
10	0
15	0
0	0
7	0
0	0
0	0
0	0
0	0
0	0
0	0
41	0
0	0
0	0
0	0
0	0
0	0
0	0
0	0
0	0
107	0
0	0
0	0
0	0
0	0
2	0
5	0
0	0
0	0
0	0
0	0
0	0
0	0
0	0
80	0
0	0
7	0
0	0
0	0
0	0
0	0
0	0
0	0
0	0
0	0
0	0
0	0
1	0
0	0
0	0
0	0
0	0
0	0
0	0
0	0
0	0
0	0
0	0
0	0
0	0
0	0
0	0
0	0
0	0
0	0
347	0
57	0
1	0
0	0
0	0
8	0
0	0
6	0
52	0
0	0
3	0
0	0
0	0
0	0
0	0
0	0
0	0
36	0
0	0
0	0
0	0
0	0
0	0
0	0
0	0
8	0
0	0
0	0
0	0
0	0
0	0
0	0
0	0
0	0
0	0
0	0
0	0
0	0
0	0
0	0
0	0
0	0
0	0
0	0
0	0
0	0
0	0
0	0
0	0
0	0
0	0
0	0
64	0
0	0
0	0
0	0
0	0
0	0
2	0
356	0
32	1
0	0
0	0
0	0
0	0
0	0
0	0
0	0
0	0
0	0
0	0
0	0
0	0
1	0
0	0
0	0
0	0
135	0
6	0
1	0
0	0
0	0
0	0
0	0
0	0
0	0
4	0
0	0
0	0
0	0
4	0
0	0
0	0
0	0
1	0
0	0
0	0
0	0
11	0
0	0
0	0
0	0
0	0
0	0
2	0
0	0
0	0
0	0
24	0
0	0
0	0
0	0
0	0
0	0
0	0
12	0
0	0
0	0
0	0
0	0
0	0
0	0
0	0
0	0
0	0
0	0
3	0
0	0
0	0
0	0
0	0
0	0
0	0
1	0
0	0
0	0
0	0
0	0
0	0
192	0
0	0
0	0
0	0
0	0
80	0
4	0
0	0
0	0
0	0
0	0
0	0
1	0
0	0
0	0
0	0
0	0
0	0
1	0
0	0
0	0
0	0
0	0
0	0
0	0
3	0
0	0
0	0
0	0
0	0
34	0
0	0
0	0
0	0
120	0
50	0
111	0
0	0
0	0
0	0
0	0
0	0
0	0
0	0
0	0
0	0
0	0
1	0
0	0
0	0
0	0
20	0
0	0
0	0
0	0
0	0
0	0
0	0
0	0
0	0
21	0
0	0
0	0
11	0
0	0
0	0
0	0
0	0
0	0
12	0
0	0
0	0
246	0
0	0
0	0
134	0
0	0
0	0
0	0
4	0
0	0
0	0
0	0
9	0
0	0
0	0
163	0
0	0
8	0
0	0
0	0
0	0
0	0
0	0
38	0
21	0
0	0
1	0
2	0
0	0
0	0
0	0
0	0
0	0
83	0
0	0
6	0
0	0
0	0
0	0
0	0
0	0
0	0
0	0
0	0
27	0
0	0
0	0
0	0
0	0
0	0
0	0
115	0
2429	0
0	0
93	0
0	0
0	0
0	0
0	0
0	0
0	0
0	0
0	0
10	0
0	0
0	0
0	0
0	0
3	0
116	0
0	0
0	0
0	0
0	0
0	0
0	0
0	0
0	0
0	0
0	0
0	0
0	0
0	0
0	0
0	0
0	0
6	0
1	0
0	0
7	0
0	0
0	0
0	0
7	0
18	0
0	0
0	0
4	0
85	0
377	0
0	0
0	0
96	0
0	0
0	0
15	0
0	0
3	0
0	0
0	0
0	0
0	0
0	0
0	0
0	0
6	0
0	0
0	0
0	0
0	0
0	0
17	0
0	0
0	0
0	0
0	0
0	0
92	0
39	0
0	0
4	0
0	0
0	0
0	0
0	0
7	0
2	0
0	0
0	0
0	0
0	0
0	0
0	0
0	0
0	0
0	0
0	0
0	0
0	0
0	0
0	0
4	0
4	0
59	0
0	0
0	0
0	0
3	0
0	0
0	0
0	0
1	0
8	0
0	0
0	0
0	0
0	0
0	0
0	0
0	0
6	0
3	0
0	0
0	0
0	0
0	0
0	0
51	6
0	0
0	0
21	0
0	0
0	0
5	0
0	0
0	0
0	1
0	0
63	0
0	0
0	0
0	0
487	22
0	0
1	0
0	0
0	0
0	0
0	0
0	0
0	0
53	0
0	0
10	0
0	0
0	0
0	0
0	0
0	0
0	0
55	0
0	0
0	0
0	0
25	0
0	0
0	0
0	0
0	0
0	0
6	0
0	0
0	0
0	0
0	0
0	0
0	0
0	0
0	0
0	0
0	0
0	0
0	0
0	0
0	0
0	0
0	0
0	0
0	0
42	0
0	0
1	0
0	0
13	0
43	7
0	0
0	0
0	0
0	0
98	0
0	0
0	0
0	0
0	0
0	0
0	0
36	0
0	0
0	0
0	0
0	0
0	0
0	0
0	0
0	0
29	0
81	0
0	0
0	0
0	0
0	0
0	0
0	0
0	0
0	0
0	0
0	0
0	0
0	0
0	0
0	0
0	0
0	0
0	0
0	0
0	0
2	0
0	0
16	0
88	0
21	0
0	0
63	0
0	0
0	0
1	0
0	0
0	0
0	0
0	0
0	0
0	0
0	0
0	0
0	0
0	0
0	0
0	0
0	0
0	0
0	0
0	0
0	0
0	0
1	0
0	0
0	0
0	0
0	0
0	0
0	0
54	0
0	0
0	0
0	0
0	0
0	0
0	0
0	0
0	0
0	0
0	0
0	0
0	0
4	0
0	0
0	0
33	0
0	0
0	0
0	0
2	0
4	0
0	0
0	0
96	0
0	0
0	0
54	0
1	0
0	0
0	0
0	0
0	0
0	0
0	0
0	0
72	0
0	0
0	0
0	0
1	0
0	0
0	0
0	0
1	0
0	0
0	0
9	0
0	0
0	0
0	0
0	0
0	0
0	0
0	0
233	0
0	0
0	0
0	0
0	0
2	0
0	0
0	0
0	0
0	0
0	0
0	0
38	0
0	0
0	0
19	0
0	0
14	0
0	0
0	0
2	0
0	0
0	0
0	0
26	0
7	0
2	0
0	0
0	0
0	0
0	0
0	0
0	0
0	0
0	0
0	0
0	0
0	0
26	0
0	0
0	0
0	0
0	0
0	0
0	0
0	0
0	0
0	0
0	0
0	0
0	0
0	0
0	0
0	0
0	0
141	0
98	0
38	0
0	0
0	0
0	0
0	0
0	0
0	0
0	0
0	0
0	0
0	0
0	0
0	0
209	0
0	0
0	0
0	0
0	0
0	0
0	0
0	0
66	0
2	0
0	0
0	0
0	0
0	0
6	0
0	0
7	0
0	0
0	0
0	0
0	0
0	0
0	0
0	0
0	0
0	0
0	0
6	0
4	0
0	0
0	0
0	0
0	0
0	0
0	0
0	0
0	0
0	0
0	0
7	0
183	0
3	0
0	0
0	0
0	0
7	0
0	0
2	0
0	0
0	0
0	0
51	0
1	0
24	0
0	0
0	0
2	0
0	0
0	0
0	0
0	0
1	0
0	0
0	0
0	0
0	0
0	0
0	0
0	0
10	0
0	0
0	0
2	0
1	0
0	0
0	0
13	0
15	0
0	0
0	0
6	0
0	0
0	0
0	0
0	0
2	0
1	0
0	0
0	0
0	0
0	0
10	0
0	0
0	0
0	0
0	0
0	0
0	0
0	0
0	0
0	0
0	0
0	0
0	0
8	0
83	0
0	0
1	0
0	0
14	0
0	0
0	0
0	0
0	0
0	0
0	0
0	0
0	0
0	0
49	0
0	0
0	0
0	0
0	0
0	0
0	0
23	0
23	0
18	0
0	0
0	0
0	0
61	0
0	0
6	0
0	0
0	0
0	0
0	0
0	0
70	0
0	0
0	0
0	0
0	0
0	0
0	0
0	0
1	0
100	0
0	0
4	0
0	0
0	0
0	0
0	0
0	0
0	0
0	0
0	0
7	0
0	0
0	0
2	0
0	0
0	0
3	0
0	0
0	0
0	0
0	0
0	0
0	0
0	0
0	0
0	0
42	0
0	0
0	0
0	0
0	0
4	0
0	0
21	0
0	0
0	0
4	0
0	0
0	0
0	0
0	0
0	0
0	0
0	0
48	0
2	0
0	0
0	0
0	0
3	0
0	0
0	0
10	0
0	0
0	0
0	0
0	0
0	0
640	0
0	0
0	0
0	0
0	0
0	0
70	0
0	0
4	0
0	0
0	0
0	0
0	0
0	0
0	0
0	0
0	0
0	0
0	0
0	0
0	0
0	0
0	0
0	0
0	0
0	0
0	0
0	0
0	0
35	0
18	0
0	0
3152	7
0	0
0	0
8	0
0	0
0	0
0	0
0	0
0	0
0	0
0	0
0	0
2	0
0	0
21	0
0	0
0	0
0	0
0	0
0	0
9	0
0	0
0	0
736	0
0	0
0	0
0	0
0	0
0	0
2	0
1	0
4	0
0	0
0	0
344	0
751	0
0	0
0	0
0	0
1	0
0	0
0	0
127	0
0	0
0	0
268	0
0	0
0	0
17	0
0	0
0	0
70	0
81	0
84	0
0	0
0	0
0	0
0	0
0	0
0	0
0	0
0	0
21	0
0	0
0	0
34	0
48	0
0	0
0	0
41	0
0	0
0	0
0	0
0	0
0	0
0	0
0	0
0	0
0	0
0	0
0	0
5	0
42	0
0	0
0	0
48	0
20	0
12	0
31	0
0	0
0	0
0	0
0	0
0	0
0	0
0	0
0	0
0	0
0	0
1151	0
0	0
315	0
0	0
0	0
0	0
0	0
49	0
0	0
17	0
4	0
0	0
0	0
0	0
0	0
0	0
20	0
0	0
72	0
0	0
51	0
0	0
0	0
0	0
0	0
0	0
25	0
0	0
0	0
0	0
0	0
1	0
0	0
0	0
132	0
0	0
1	0
0	0
0	0
0	0
982	1
0	0
0	0
89	0
8	0
0	0
0	0
4	0
18	0
0	0
0	0
0	0
0	0
0	0
0	0
0	0
2	0
0	0
0	0
0	0
0	0
0	0
0	0
0	0
0	0
0	0
0	0
0	0
4	0
8	0
0	0
14	0
0	0
106	0
0	0
0	0
154	0
0	0
11	0
2	0
0	0
34	0
0	0
0	0
0	0
53	0
0	0
31	0
66	0
0	0
0	0
269	0
0	0
10	0
0	0
0	0
6	0
0	0
0	0
0	0
1	0
0	0
0	0
0	0
0	0
0	0
0	0
1	0
0	0
3	0
0	0
3	0
0	0
0	0
1	0
294	0
0	0
0	0
118	0
5	0
79	0
0	0
0	0
0	0
0	0
0	0
21	0
0	0
0	0
0	0
340	0
7	0
6	0
0	0
0	0
0	0
0	0
0	0
0	0
0	0
0	0
0	0
0	0
0	0
0	0
0	0
0	0
0	0
0	0
0	0
0	0
0	0
13	0
0	0
0	0
6	0
28	0
0	0
73	0
0	0
0	0
0	0
3	0
0	0
0	0
0	0
1	0
0	0
0	0
5	1
1	0
0	0
124	0
0	0
4	0
0	0
6	0
0	0
2	0
7	0
139	0
0	0
27	0
0	0
0	0
0	0
8	0
0	0
0	0
0	0
0	0
0	0
0	0
0	0
0	0
0	0
0	0
0	0
0	0
1	0
0	0
0	0
11	0
0	0
0	0
0	0
0	0
0	0
0	0
1	0
0	0
26	0
0	0
0	0
1	0
0	0
0	0
1310	0
0	0
0	0
0	0
0	0
0	0
0	0
0	0
0	0
0	0
0	0
1	0
11	0
11	0
8	0
0	0
0	0
0	0
0	0
0	0
0	0
1	0
95	0
0	0
0	0
0	0
0	0
0	0
0	0
0	0
0	0
0	0
3	0
5	0
0	0
0	0
1	0
33	0
0	0
0	0
0	0
0	0
0	0
0	0
0	0
0	0
0	0
0	0
0	0
0	0
1	0
0	0
1	0
19	0
0	0
0	0
0	0
0	0
12	0
0	0
0	0
24	0
1	0
4	0
0	0
0	0
0	0
0	0
0	0
4	0
0	0
0	0
0	0
0	0
0	0
0	0
368	0
0	0
245	0
0	0
0	0
0	0
0	0
0	0
0	0
132	0
0	0
0	0
0	0
0	0
0	0
0	0
0	0
0	0
0	0
0	0
0	0
0	0
0	0
0	0
0	0
0	0
0	0
0	0
0	0
0	0
0	0
0	0
2	0
0	0
0	0
1	0
0	0
0	0
0	0
0	0
0	0
0	0
15	0
0	0
140	0
8	0
1	0
0	0
0	0
0	0
0	0
0	0
64	0
0	0
25	0
0	0
149	0
0	0
0	0
0	0
31	0
0	0
117	0
0	0
0	0
0	0
0	0
0	0
0	0
0	0
0	0
16	0
0	0
0	0
0	0
0	0
114	4
0	0
0	0
0	0
8	0
0	0
9	0
0	0
0	0
0	0
1	0
0	0
0	0
0	0
0	0
0	0
0	0
0	0
2	0
0	0
0	0
3	0
0	0
0	0
3	0
0	0
24	0
1	0
0	0
126	0
0	0
0	0
0	0
0	0
0	0
0	0
0	0
0	0
0	0
0	0
0	0
0	0
1	0
0	0
0	0
471	0
0	0
2	0
0	0
0	0
0	0
3	0
10	0
0	0
0	0
0	0
25	0
1	0
0	0
0	0
0	0
0	0
12	1
0	0
0	0
1	0
0	0
0	0
14	0
23	0
0	0
0	0
0	0
3	0
0	0
0	0
0	0
12	0
0	0
0	0
0	0
0	0
15	0
0	0
0	0
0	0
0	0
8	0
0	0
0	0
3	0
0	0
0	0
0	0
0	0
9	0
0	0
0	0
0	0
0	0
0	0
0	0
0	0
0	0
0	0
0	0
0	0
0	0
0	0
0	0
151	0
6	0
0	0
0	0
3	0
0	0
0	0
431	0
0	0
0	0
0	0
0	0
0	0
0	0
15	0
0	0
0	0
0	0
0	0
0	0
39	0
0	0
0	0
0	0
0	0
0	0
0	0
0	0
0	0
30	0
92	0
57	0
0	0
0	0
0	0
0	0
0	0
0	0
0	0
0	0
0	0
0	0
0	0
0	0
0	0
18	0
0	0
3	0
0	0
24	0
0	0
22	0
51	0
0	0
0	0
0	0
14	0
0	0
1	0
58	0
0	0
0	0
0	0
0	0
0	0
0	0
0	0
0	0
0	0
0	0
0	0
0	0
0	0
0	0
0	0
0	0
0	0
4	0
0	0
437	0
0	0
0	0
0	0
0	0
0	0
0	0
21	0
0	0
0	0
0	0
0	0
0	0
3	0
0	0
0	0
0	0
0	0
0	0
0	0
0	0
0	0
0	0
0	0
0	0
0	0
0	0
75	11
0	0
0	0
0	0
0	0
1	0
0	0
83	0
0	0
40	0
0	0
3	0
34	0
0	0
0	0
0	0
0	0
1	0
221	0
1	0
0	0
0	0
0	0
0	0
0	0
0	0
0	0
0	0
0	0
0	0
0	0
0	0
0	0
0	0
0	0
0	0
1	0
0	0
0	0
0	0
0	0
2	0
74	0
96	10
0	0
0	0
0	0
0	0
0	0
0	0
0	0
0	0
0	0
7	0
4	0
0	0
1	0
0	0
0	0
19	0
0	0
0	0
6	0
50	0
0	0
0	0
0	0
0	0
0	0
4	0
154	0
0	0
0	0
0	0
0	0
0	0
119	0
0	0
0	0
0	0
0	0
0	0
0	0
0	0
0	0
0	0
16	0
0	0
1	0
0	0
55	0
0	0
0	0
0	0
0	0
67	0
0	0
0	0
0	0
0	0
327	0
0	0
0	0
0	0
0	0
0	0
37	0
1	0
0	0
0	0
0	0
0	0
0	0
1	0
0	0
2	0
333	0
4	0
0	0
56	0
0	0
0	0
0	0
0	0
0	0
0	0
0	0
0	0
4	0
0	0
0	0
0	0
0	0
0	0
0	0
0	0
57	0
0	0
0	0
1	0
11	0
0	0
13	0
0	0
0	0
0	0
0	0
0	0
0	0
0	0
0	0
3	0
0	0
0	0
0	0
0	0
0	0
0	0
73	0
2	0
0	0
0	0
49	0
0	0
1	0
0	0
0	0
0	0
0	0
0	0
0	0
0	0
0	0
0	0
0	0
0	0
0	0
0	0
0	0
0	0
0	0
0	0
0	0
6	0
0	0
0	0
0	0
0	0
0	0
0	0
0	0
41	0
3	0
0	0
0	0
0	0
0	0
0	0
0	0
12	0
0	0
0	0
0	0
0	0
0	0
0	0
7	0
116	0
0	0
0	0
9	0
0	0
0	0
0	0
0	0
231	0
10	0
64	0
0	0
0	0
2	0
0	0
0	0
36	0
0	0
219	4
0	0
2	0
0	0
66	0
0	0
0	0
0	0
0	0
0	0
0	0
0	0
0	0
0	0
0	0
0	0
0	0
0	0
51	1
0	0
0	0
0	0
0	0
0	0
0	0
0	0
102	0
0	0
71	0
0	0
0	0
0	0
0	0
0	0
248	0
0	0
0	0
75	0
0	0
0	0
0	0
0	0
0	0
28	0
0	0
4	0
0	0
0	0
0	0
0	0
0	0
1	0
0	0
0	0
0	0
0	0
0	0
0	0
2	0
0	0
0	0
0	0
0	0
13	0
0	0
0	0
2	0
191	0
0	0
0	0
0	0
0	0
0	0
0	0
0	0
0	0
0	0
0	0
0	0
0	0
7	0
0	0
0	0
0	0
5	0
11	0
744	0
0	0
54	1
0	0
486	0
3	0
16	0
0	0
1	0
0	0
0	0
3	0
0	0
0	0
30	0
0	0
0	0
0	0
7	0
0	0
0	0
0	0
0	0
2	0
0	0
0	0
0	0
36	0
0	0
6	0
28	0
0	0
0	0
282	0
0	0
5	0
0	0
0	0
0	0
0	0
1	0
0	0
0	0
0	0
0	0
1	0
0	0
0	0
0	0
12	0
1454	0
7	0
75	8
0	0
0	0
0	0
0	0
0	0
0	0
0	0
1	0
0	0
97	0
0	0
0	0
74	0
0	0
7	0
0	0
3	0
14	0
67	0
0	0
6	0
8	0
45	0
0	0
0	0
0	0
0	0
0	0
0	0
0	0
0	0
0	0
2	0
0	0
0	0
68	0
0	0
2	0
192	0
0	0
0	0
0	0
0	0
0	0
0	0
0	0
0	0
0	0
0	0
5	0
0	0
0	0
90	0
0	0
0	0
0	0
0	0
0	0
0	0
345	0
0	0
30	0
0	0
0	0
0	0
0	0
0	0
0	0
0	0
0	0
64	0
113	0
193	0
0	0
0	0
240	0
0	0
0	0
0	0
0	0
0	0
0	0
0	0
15	0
68	0
0	0
0	0
0	0
0	0
0	0
0	0
0	0
0	0
0	0
0	0
0	0
17	0
0	0
121	0
0	0
0	0
0	0
0	0
0	0
0	0
0	0
55	0
0	0
0	0
0	0
0	0
49	0
0	0
1	0
66	0
0	0
50	0
0	0
0	0
0	0
0	0
0	0
0	0
0	0
92	0
0	0
0	0
0	0
0	0
33	0
0	0
0	0
0	0
0	0
0	0
0	0
1	0
47	0
0	0
0	0
0	0
0	0
0	0
0	0
0	0
10	0
0	0
0	0
0	0
0	0
0	0
19	0
0	0
0	0
0	0
0	0
0	0
31	0
0	0
0	0
0	0
0	0
0	0
17	0
45	17
0	0
27	0
4	0
0	0
0	0
0	0
0	0
0	0
0	0
0	0
0	0
69	0
0	0
0	0
0	0
1	0
85	0
0	0
0	0
14	0
0	0
0	0
0	0
0	0
431	0
0	0
0	0
0	0
0	0
0	0
1	0
0	0
0	0
201	0
34	0
0	0
0	0
7	0
0	0
74	0
0	0
0	0
0	0
0	0
0	0
0	0
3	0
0	0
0	0
7	0
75	0
0	0
0	0
0	0
3	0
2	0
5	0
0	0
0	0
0	0
2	0
0	0
0	0
0	0
0	0
0	0
27	0
0	0
0	0
0	0
0	0
2	0
0	0
20	0
2	0
71	0
0	0
185	0
0	0
0	0
0	0
1	0
0	0
0	0
0	0
36	0
0	0
0	0
4	0
0	0
0	0
0	0
0	0
0	0
66	0
0	0
0	0
29	0
0	0
0	0
0	0
0	0
0	0
0	0
0	0
0	0
0	0
238	0
147	0
0	0
0	0
0	0
0	0
122	0
16	0
0	0
0	0
0	0
0	0
0	0
953	0
0	0
1	0
2	0
0	0
0	0
0	0
0	0
0	0
58	0
0	0
0	0
0	0
0	0
0	0
0	0
0	0
0	0
122	0
0	0
0	0
0	0
0	0
0	0
0	0
0	0
103	0
0	0
0	0
0	0
0	0
0	0
0	0
0	0
0	0
260	0
0	0
0	0
0	0
0	0
0	0
0	0
12	0
0	0
0	0
0	0
0	0
0	0
43	0
17	0
0	0
0	0
0	0
16	0
18	0
0	0
0	0
0	0
0	0
0	0
0	0
0	0
0	0
0	0
0	0
0	0
0	0
1	0
3	0
76	0
0	0
0	0
2	0
44	0
0	0
0	0
0	0
0	0
0	0
2	0
0	0
0	0
0	0
0	0
1	0
0	0
0	0
101	0
14	0
0	0
0	0
27	0
2	0
0	0
0	0
0	0
0	0
1	0
0	0
13	0
0	0
0	0
0	0
0	0
0	0
0	0
0	0
0	0
0	0
242	0
0	0
0	0
6	0
0	0
1215	0
3	0
14	0
0	0
0	0
0	0
0	0
1205	0
0	0
0	0
0	0
0	0
0	0
11	0
0	0
22	0
0	0
39	0
0	0
16	0
0	0
1	0
1	0
0	0
0	0
0	0
0	0
1	0
0	0
0	0
0	0
0	0
0	0
0	0
0	0
0	0
0	0
0	0
2	0
0	0
23	0
0	0
0	0
0	0
0	0
0	0
0	0
28	0
0	0
0	0
0	0
0	0
0	0
74	0
0	0
150	0
81	0
0	0
0	0
0	0
0	0
14	0
3	0
0	0
0	0
0	0
0	0
0	0
0	0
0	0
0	0
0	0
0	0
0	0
0	0
0	0
0	0
0	0
0	0
0	0
0	0
0	0
0	0
0	0
0	0
9	0
0	0
0	0
0	0
327	0
0	0
0	0
0	0
6	0
0	0
0	0
0	0
0	0
2	0
4	0
0	0
0	0
0	0
13	0
5	0
0	0
0	0
0	0
36	0
16	0
0	0
7	0
2	0
0	0
0	0
0	0
0	0
0	0
0	0
0	0
0	0
0	0
0	0
133	0
3	0
0	0
0	0
0	0
0	0
0	0
0	0
0	0
7	0
0	0
0	0
0	0
0	0
0	0
0	0
0	0
0	0
0	0
0	0
0	0
0	0
0	0
0	0
0	0
0	0
0	0
3	0
0	0
0	0
0	0
54	0
0	0
0	0
0	0
0	0
0	0
0	0
2444	0
0	0
0	0
8	0
0	0
0	0
6	0
0	0
0	0
0	0
0	0
0	0
0	0
0	0
13	0
129	0
70	0
0	0
0	0
0	0
0	0
0	0
4	0
0	0
0	0
0	0
7	0
0	0
64	0
0	0
0	0
96	0
0	0
0	0
0	0
0	0
0	0
29	0
28	0
4	0
3	0
0	0
0	0
0	0
0	0
0	0
0	0
0	0
0	0
0	0
0	0
0	0
0	0
0	0
0	0
0	0
0	0
0	0
0	0
0	0
0	0
0	0
0	0
31	1
305	0
0	0
0	0
0	0
0	0
0	0
0	0
0	0
0	0
11	0
0	0
0	0
18	0
0	0
0	0
0	0
0	0
0	0
0	0
11	0
7	0
0	0
0	0
0	0
0	0
0	0
0	0
12	0
0	0
0	0
0	0
0	0
0	0
1	0
0	0
0	0
0	0
0	0
0	0
0	0
0	0
0	0
0	0
0	0
0	0
0	0
0	0
0	0
0	0
0	0
0	0
4	0
0	0
25	0
4	0
0	0
0	0
4	0
0	0
0	0
0	0
0	0
0	0
0	0
0	0
0	0
944	0
0	0
0	0
0	0
0	0
0	0
0	0
0	0
0	0
0	0
0	0
3	0
0	0
0	0
0	0
0	0
0	0
0	0
51	0
20	0
0	0
0	0
1	0
0	0
0	0
0	0
0	0
0	0
0	0
0	0
0	0
0	0
2	0
0	0
207	0
0	0
0	0
0	0
0	0
0	0
0	0
214	0
0	0
0	0
0	0
9	0
0	0
0	0
7	0
2	0
0	0
0	0
20	0
0	0
2	0
0	0
0	0
0	0
0	0
0	0
189	0
3	0
0	0
0	0
12	0
0	0
0	0
399	0
492	0
0	0
0	0
0	0
0	0
7	0
0	0
0	0
0	0
0	0
0	0
3	0
0	0
124	0
0	0
3	0
0	0
0	0
0	0
0	0
0	0
0	0
0	0
0	0
0	0
0	0
0	0
0	0
0	0
0	0
0	0
0	0
0	0
23	0
10	0
1	0
0	0
1	0
42	0
22	0
1	0
0	0
0	0
0	0
0	0
0	0
105	0
0	0
0	0
0	0
0	0
0	0
0	0
78	0
0	0
24	0
49	0
0	0
0	0
1	0
0	0
0	0
0	0
0	0
8	0
0	0
0	0
0	0
0	0
3	0
0	0
3	0
0	0
0	0
0	0
0	0
21	0
16	0
0	0
6	0
0	0
2	0
0	0
0	0
0	0
0	0
0	0
0	0
0	0
0	0
0	0
80	0
0	0
0	0
0	0
0	0
4	0
0	0
0	0
44	0
0	0
189	0
0	0
0	0
0	0
0	0
0	0
0	0
4	0
0	0
13	0
0	0
0	0
0	0
0	0
0	0
0	0
0	0
0	0
0	0
0	0
0	0
0	0
2	0
1	0
9	0
3	0
0	0
0	0
0	0
0	0
0	0
46	0
0	0
0	0
9	0
0	0
0	0
0	0
0	0
0	0
0	0
83	0
0	0
0	0
0	0
0	0
25	0
5	0
131	0
204	0
2	0
0	0
0	0
0	0
0	0
49	0
12	0
0	0
117	0
0	0
0	0
0	0
0	0
29	0
0	0
3	0
0	0
0	0
0	0
0	0
84	0
0	0
0	0
0	0
0	0
0	0
0	0
0	0
0	0
0	0
0	0
0	0
0	0
0	0
0	0
0	0
0	0
0	0
0	0
0	0
0	0
0	0
0	0
0	0
0	0
0	0
4	0
0	0
0	0
0	0
0	0
0	0
0	0
0	0
0	0
114	0
190	0
0	0
91	0
0	0
4	0
0	0
0	0
83	0
0	0
115	0
7	0
0	0
0	0
0	0
0	0
0	0
1	0
0	0
0	0
0	0
7	0
1	0
6	0
5	0
2	0
0	0
0	0
0	0
10	0
0	0
0	0
0	0
0	0
0	0
388	0
0	0
0	0
0	0
0	0
0	0
0	0
0	0
4	0
0	0
2	0
0	0
0	0
0	0
0	0
0	0
6	0
0	0
0	0
0	0
0	0
0	0
0	0
0	0
0	0
0	0
0	0
0	0
77	0
0	0
0	0
0	0
0	0
0	0
0	0
0	0
0	0
0	0
0	0
0	0
328	0
0	0
0	0
114	0
0	0
336	0
0	0
10	0
2	0
13	0
0	0
52	0
0	0
0	0
0	0
0	0
64	0
0	0
0	0
0	0
0	0
0	0
1	0
227	0
0	0
0	0
3	0
78	0
0	0
0	0
0	0
21	0
0	0
0	0
0	0
0	0
0	0
2	0
0	0
0	0
0	0
0	0
0	0
0	0
88	0
0	0
2	0
0	0
254	0
46	0
0	0
29	0
0	0
0	0
117	0
36	0
0	0
27	0
0	0
0	0
9	0
88	0
18	0
4	0
0	0
0	0
0	0
0	0
0	0
43	0
0	0
0	0
0	0
0	0
0	0
0	0
0	0
0	0
0	0
10	0
0	0
0	0
0	0
0	0
0	0
0	0
0	0
1	0
0	0
0	0
0	0
13	0
0	0
0	0
0	0
0	0
0	0
0	0
48	0
17	0
0	0
0	0
52	0
21	0
5	0
0	0
0	0
0	0
0	0
0	0
0	0
0	0
17	0
0	0
0	0
5	0
0	0
0	0
9	0
0	0
0	0
1	0
0	0
0	0
0	0
0	0
0	0
0	0
0	0
7	0
0	0
0	0
0	0
0	0
2	0
0	0
0	0
0	0
0	0
0	0
0	0
0	0
39	0
0	0
0	0
0	0
0	0
6	0
7	0
0	0
0	0
7	0
0	0
0	0
0	0
2	0
0	0
0	0
0	0
0	0
37	0
0	0
0	0
8	0
0	0
0	0
0	0
0	0
2	0
0	0
0	0
19	0
0	0
3	0
0	0
0	0
0	0
0	0
0	0
0	0
0	0
0	0
4	0
0	0
9	0
121	0
0	0
0	0
0	0
0	0
0	0
0	0
71	0
71	11
0	0
9	0
0	0
11	0
0	0
0	0
0	0
0	0
0	0
0	0
0	0
0	0
0	0
39	0
0	0
0	0
0	0
0	0
0	0
0	0
0	0
0	0
1	0
0	0
0	0
0	0
3	0
0	0
0	0
0	0
0	0
0	0
0	0
0	0
109	0
0	0
0	0
0	0
0	0
26	0
0	0
0	0
0	0
0	0
0	0
0	0
14	0
0	0
0	0
0	0
3	0
1011	0
34	0
0	0
0	0
0	0
0	0
0	0
0	0
0	0
0	0
0	0
89	0
5	0
4	0
0	0
0	0
334	0
3	0
0	0
0	0
0	0
0	0
0	0
0	0
2	0
0	0
0	0
0	0
9	0
0	0
0	0
0	0
90	0
0	0
0	0
0	0
0	0
24	0
0	0
0	0
0	0
0	0
0	0
0	0
0	0
0	0
0	0
0	0
0	0
0	0
0	0
0	0
0	0
0	0
0	0
0	0
0	0
0	0
0	0
0	0
0	0
3	0
2	0
0	0
0	0
0	0
0	0
0	0
1	0
0	0
0	0
0	0
0	0
0	0
0	0
0	0
0	0
0	0
0	0
0	0
4	0
14	0
0	0
0	0
0	0
0	0
0	0
0	0
0	0
6	0
0	0
0	0
0	0
0	0
0	0
0	0
0	0
1	0
494	0
0	0
0	0
0	0
0	0
0	0
3	0
0	0
0	0
0	0
0	0
0	0
0	0
0	0
1	0
0	0
0	0
0	0
0	0
0	0
0	0
0	0
112	0
0	0
0	0
0	0
0	0
0	0
0	0
0	0
0	0
0	0
22	0
0	0
0	0
0	0
21	0
0	0
0	0
0	0
0	0
0	0
41	0
0	0
17	0
0	0
1	0
0	0
0	0
0	0
147	0
0	0
0	0
0	0
0	0
0	0
0	0
0	0
0	0
0	0
156	0
0	0
0	0
0	0
3	0
0	0
11	0
0	0
0	0
0	0
0	0
0	0
2	0
0	0
0	0
12	0
2	0
0	0
115	0
0	0
0	0
0	0
10	0
17	0
0	0
35	0
0	0
0	0
0	0
0	0
0	0
0	0
0	0
0	0
0	0
0	0
1	0
0	0
97	0
0	0
11	0
0	0
6	0
96	0
0	0
0	0
4	0
0	0
0	0
0	0
210	0
0	0
0	0
0	0
0	0
0	0
0	0
0	0
0	0
0	0
0	0
0	0
0	0
0	0
26	1
0	0
0	0
44	0
3	0
0	0
0	0
8	0
0	0
0	0
21	0
0	0
1	0
37	0
0	0
0	0
0	0
0	0
0	0
0	0
0	0
0	0
0	0
0	0
0	0
3	0
2	0
0	0
0	0
0	0
0	0
0	0
9	0
1	0
19	0
9	0
0	0
78	0
0	0
0	0
0	0
0	0
0	0
0	0
3	0
0	0
0	0
0	0
0	0
0	0
0	0
0	0
9	0
0	0
0	0
10	0
4	0
0	0
0	0
0	0
10	0
0	0
0	0
0	0
0	0
0	0
0	0
0	0
5	0
0	0
0	0
0	0
0	0
0	0
4	0
89	17
0	0
0	0
0	0
65	0
0	0
0	0
0	0
0	0
40	0
0	0
0	0
0	0
0	0
0	0
0	0
0	0
78	0
1	0
21	0
0	0
0	0
0	0
0	0
0	0
0	0
0	0
0	0
0	0
0	0
0	0
0	0
0	0
0	0
0	0
66	0
116	0
0	0
0	0
0	0
0	0
0	0
0	0
71	0
4	0
7	0
2	0
0	0
0	0
0	0
0	0
0	0
0	0
0	0
0	0
1	0
0	0
0	0
20	0
0	0
0	0
0	0
0	0
0	0
0	0
1	0
0	0
0	0
0	0
0	0
0	0
0	0
19	0
0	0
0	0
0	0
0	0
0	0
0	0
0	0
0	0
0	0
0	0
0	0
0	0
0	0
111	0
0	0
0	0
0	0
15	0
0	0
0	0
10	0
0	0
0	0
30	0
0	0
0	0
0	0
0	0
0	0
0	0
1	0
0	0
0	0
0	0
0	0
0	0
0	0
0	0
0	0
0	0
0	0
0	0
1	0
0	0
0	0
0	0
0	0
2	0
0	0
0	0
0	0
0	0
0	0
0	0
0	0
0	0
0	0
0	0
0	0
0	0
27	0
0	0
0	0
0	0
0	0
0	0
0	0
0	0
0	0
0	0
6	0
0	0
0	0
0	0
0	0
0	0
0	0
0	0
2	0
0	0
0	0
6	0
0	0
0	0
4	2
0	0
0	0
0	0
0	0
0	0
63	0
15	0
0	0
4	0
0	0
27	0
0	0
0	0
61	0
0	0
0	0
0	0
0	0
5	0
0	0
0	0
0	0
0	0
0	0
80	0
0	0
0	0
19	0
198	0
0	0
0	0
7	0
1283	0
0	0
31	0
1	0
3	0
0	0
0	0
0	0
0	0
0	0
1	0
0	0
1	0
0	0
0	0
0	0
0	0
0	0
0	0
0	0
5	0
0	0
0	0
0	0
0	0
0	0
0	0
4	0
14	0
0	0
96	0
0	0
46	0
0	0
0	0
0	0
0	0
0	0
0	0
0	0
0	0
0	0
0	0
0	0
0	0
25	0
0	0
156	0
0	0
0	0
3	0
0	0
29	0
0	0
0	0
76	0
0	0
0	0
96	0
0	0
163	0
113	0
0	0
0	0
0	0
0	0
0	0
5	0
0	0
0	0
0	0
0	0
11	0
6	0
0	0
4	0
0	0
155	0
1	0
0	0
0	0
0	0
0	0
0	0
0	0
84	0
0	0
1	0
0	0
0	0
0	0
0	0
0	0
0	0
36	0
0	0
47	0
1	0
2	0
0	0
0	0
0	0
0	0
0	0
0	0
0	0
0	0
0	0
0	0
2	0
0	0
0	0
0	0
0	0
0	0
0	0
0	0
0	0
0	0
0	0
12	0
38	0
0	0
0	0
8	0
0	0
0	0
0	0
0	0
0	0
3	1
0	0
1	0
230	0
0	0
0	0
0	0
0	0
0	0
13	0
0	0
0	0
0	0
0	0
0	0
0	0
0	0
0	0
0	0
0	0
0	0
4	0
0	0
0	0
0	0
0	0
0	0
0	0
0	0
0	0
0	0
0	0
0	0
0	0
0	0
0	0
0	0
0	0
0	0
0	0
0	0
0	0
0	0
0	0
0	0
0	0
7	0
0	0
0	0
0	0
0	0
0	0
0	0
0	0
0	0
0	0
0	0
0	0
3	0
0	0
0	0
0	0
0	0
8	0
0	0
2	0
0	0
0	0
0	0
0	0
0	0
0	0
0	0
0	0
0	0
0	0
0	0
0	0
0	0
0	0
0	0
0	0
0	0
0	0
0	0
0	0
7	0
34	0
181	0
0	0
12	0
0	0
33	0
0	0
0	0
0	0
0	0
0	0
0	0
105	0
0	0
0	0
0	0
0	0
0	0
0	0
0	0
0	0
4	0
0	0
0	0
18	0
0	0
3	0
2	0
0	0
0	0
0	0
2	0
0	0
0	0
0	0
3	0
4	0
0	0
0	0
0	0
6	0
9	0
0	0
0	0
14	0
0	0
44	0
0	0
0	0
0	0
0	0
0	0
1	0
449	0
0	0
0	0
0	0
0	0
0	0
0	0
0	0
0	0
3	0
0	0
0	0
0	0
4	0
0	0
0	0
0	0
0	0
53	0
26	0
0	0
0	0
1	0
0	0
0	0
0	0
0	0
3	0
0	0
0	0
0	0
3	0
0	0
0	0
0	0
0	0
0	0
21	0
0	0
0	0
0	0
0	0
0	0
6	0
0	0
72	0
0	0
0	0
0	0
0	0
0	0
0	0
0	0
0	2
41	0
0	0
0	0
4	0
0	0
0	0
0	0
2	0
0	0
0	0
0	0
0	0
0	0
0	0
0	0
0	0
0	0
0	0
0	0
0	0
0	0
0	0
0	0
0	0
0	0
0	0
0	0
0	0
0	0
0	0
0	0
0	0
0	0
25	0
9	0
0	0
0	0
0	0
0	0
0	0
2	0
0	0
0	0
0	0
0	0
0	0
0	0
0	0
0	0
160	0
0	0
29	0
0	0
0	0
0	0
0	0
0	0
0	0
0	0
26	0
0	0
0	0
2	0
0	0
0	0
0	0
17	0
0	0
0	0
0	0
0	0
39	0
0	0
0	0
0	0
0	0
0	0
27	0
0	0
0	0
90	0
0	0
0	0
0	0
0	0
24	0
0	0
0	0
0	0
1	0
0	0
0	0
0	0
8	0
0	0
0	0
0	0
0	0
0	0
0	0
0	0
13	0
0	0
0	0
0	0
0	0
0	0
0	0
0	0
0	0
0	0
0	0
0	0
0	0
0	0
0	0
0	0
0	0
0	0
0	0
0	0
0	0
0	0
0	0
0	0
0	0
4	0
0	0
0	0
0	0
0	0
0	0
0	0
0	0
0	0
0	0
0	0
0	0
0	0
0	0
0	0
6	0
92	0
8	0
0	0
1	0
3	0
54	0
3	0
0	0
0	0
0	0
0	0
0	0
3	0
0	0
85	0
1	0
0	0
0	0
0	0
0	0
0	0
1	0
0	0
0	0
0	0
0	0
0	0
0	0
0	0
0	0
0	0
0	0
0	0
0	0
0	0
0	0
0	0
52	0
0	0
0	0
1	0
9	0
0	0
7	0
2	0
3	0
5	0
0	0
8	0
99	0
0	0
182	0
0	0
0	0
0	0
35	0
0	0
3	1
38	0
0	0
0	0
0	0
0	0
0	0
10	0
0	0
0	0
0	0
0	0
0	0
0	0
0	0
0	0
0	0
0	0
0	0
0	0
197	0
0	0
27	0
0	0
0	0
0	0
0	0
0	0
0	0
180	0
0	0
0	0
205	0
0	0
0	0
0	0
0	0
0	0
0	0
204	0
0	0
0	0
0	0
0	0
0	0
0	0
2	0
0	0
0	0
0	0
0	0
2	0
0	0
0	0
0	0
0	0
0	0
0	0
0	0
0	0
0	0
0	0
0	0
0	0
0	0
6	0
0	0
0	0
0	0
0	0
0	0
0	0
0	0
0	0
0	0
0	0
2367	0
242	0
0	0
0	0
0	0
0	0
0	0
0	0
0	0
2	0
0	0
0	0
0	0
0	0
0	0
0	0
0	0
0	0
192	4
0	0
0	0
34	0
103	0
0	0
0	0
11	0
0	0
0	0
0	0
281	0
9	0
0	0
0	0
0	0
0	0
0	0
0	0
0	0
0	0
0	0
22	0
15	0
0	0
0	0
0	0
0	0
0	0
0	0
0	0
0	0
0	0
0	0
0	0
12	0
9	0
0	0
0	0
0	0
0	0
0	0
2	0
24	0
213	0
24	0
0	0
7	0
1	0
0	0
0	0
3	0
0	0
0	0
0	0
12	0
0	0
0	0
0	0
0	0
0	0
28	0
0	0
0	0
0	0
0	0
0	0
0	0
0	0
0	0
0	0
0	0
0	0
0	0
0	0
0	0
0	0
0	0
0	0
0	0
5	0
0	0
0	0
0	0
0	0
0	0
105	0
833	0
0	0
0	0
0	0
0	0
520	0
0	0
174	0
0	0
0	0
0	0
353	0
0	0
0	0
0	0
0	0
0	0
0	0
0	0
0	0
0	0
2	0
25	0
0	0
0	0
0	0
223	0
0	0
0	0
0	0
0	0
4	0
0	0
0	0
0	0
28	0
0	0
0	0
0	0
0	0
0	0
0	0
0	0
112	0
0	0
0	0
0	0
0	0
0	0
0	0
0	0
0	0
0	0
0	0
0	0
0	0
0	0
0	0
0	0
0	0
0	0
0	0
0	0
39	0
0	0
165	0
15	0
0	0
0	0
3	0
0	0
0	0
0	0
0	0
120	0
0	0
4	0
0	0
2	0
0	0
0	0
4	0
0	0
57	0
12	0
0	0
0	0
0	0
0	0
0	0
153	0
0	0
0	0
0	0
0	0
0	0
0	0
0	0
0	0
0	0
0	0
0	0
1529	0
0	0
201	0
0	0
0	0
0	0
0	0
12	0
0	0
0	0
0	0
0	0
0	0
11	0
0	0
10	0
9	0
0	0
0	0
0	0
0	0
0	0
0	0
0	0
0	0
0	0
3	0
4	0
0	0
0	0
0	0
67	0
0	0
0	0
0	0
0	0
19	0
0	0
0	0
0	0
3	0
0	0
0	0
0	0
48	0
75	0
0	0
0	0
0	0
0	0
0	0
13	0
0	0
0	0
0	0
0	0
0	0
0	0
0	0
0	0
0	0
0	0
0	0
0	0
2	0
3	0
0	0
281	4
3	0
0	0
0	0
0	0
0	0
0	0
1	0
0	0
0	0
0	0
0	0
0	0
0	0
0	0
0	0
0	0
37	0
0	0
0	0
0	0
0	0
0	0
9	0
0	0
0	0
0	0
0	0
2	0
0	0
0	0
0	0
0	0
0	0
50	0
0	0
0	0
0	0
1	0
0	0
0	0
8	0
0	0
0	0
0	0
25	0
0	0
0	0
8	0
0	0
0	0
0	0
0	0
0	0
0	0
3	0
0	0
4	0
0	0
0	0
0	0
15	0
46	0
0	0
0	0
0	0
0	0
0	0
0	0
0	0
0	0
2	0
0	0
0	0
0	0
0	0
0	0
0	0
0	0
49	0
66	0
0	0
0	0
0	0
0	0
0	0
0	0
0	0
0	0
0	0
0	0
0	0
0	0
0	0
0	0
0	0
0	0
84	0
0	0
0	0
0	0
0	0
16	0
0	0
24	0
8	0
0	0
0	0
1	0
0	0
0	0
0	0
0	0
0	0
0	0
0	0
0	0
0	0
0	0
201	0
0	0
0	0
0	0
0	0
0	0
0	0
0	0
0	0
16	0
0	0
0	0
0	0
34	0
0	0
0	0
0	0
12	0
0	0
0	0
0	0
0	0
0	0
0	0
0	0
0	0
0	0
0	0
0	0
60	0
0	0
0	0
1	0
0	0
40	0
0	0
0	0
0	0
0	0
0	0
0	0
46	0
0	0
0	0
0	0
0	0
0	0
0	0
0	0
0	0
0	0
0	0
0	0
0	0
0	0
0	0
0	0
0	0
5	0
0	0
0	0
0	0
0	0
3	0
0	0
10	0
0	0
0	0
0	0
0	0
0	0
0	0
0	0
0	0
0	0
0	0
0	0
0	0
1	0
0	0
4	0
5	0
0	0
0	0
0	0
0	0
0	0
16	0
44	0
0	0
0	0
0	0
0	0
89	0
48	0
0	0
33	0
0	0
0	0
183	0
0	0
0	0
0	0
0	0
0	0
0	0
0	0
0	0
0	0
0	0
44	0
3	0
0	0
1	0
0	0
0	0
38	0
0	0
3	0
0	0
5	0
0	0
0	0
0	0
0	0
0	0
0	0
0	0
42	0
0	0
0	0
0	0
0	0
0	1
0	0
331	0
0	0
0	0
0	0
5	0
0	0
0	0
0	0
1	0
0	0
39	0
0	0
0	0
0	0
0	0
0	0
0	0
0	0
0	0
0	0
0	0
1511	0
0	0
0	0
0	0
5	0
1	0
0	0
0	0
0	0
0	0
0	0
0	0
0	0
0	0
0	0
0	0
0	0
0	0
0	0
15	0
0	0
0	0
0	0
0	0
0	0
13	0
0	0
0	0
0	0
0	0
0	0
0	0
0	0
0	0
0	0
0	0
0	0
0	0
0	0
0	0
0	0
0	0
0	0
0	0
0	0
0	0
0	0
0	0
6	0
0	0
0	0
0	0
3	0
0	0
0	0
0	0
0	0
0	0
0	0
0	0
0	0
0	0
0	0
20	0
0	0
12	0
0	0
34	0
0	0
251	0
0	0
0	0
32	0
44	0
0	0
0	0
0	0
0	0
0	0
0	0
0	0
0	0
0	0
0	0
0	0
0	0
140	0
0	0
0	0
0	0
77	0
0	0
0	0
0	0
0	0
0	0
0	0
0	0
0	0
10	0
0	0
0	0
0	0
0	0
0	0
0	0
476	0
49	0
2	0
0	0
0	0
0	0
0	0
0	0
0	0
115	0
0	0
0	0
0	0
4	0
55	0
0	0
0	0
2	0
93	0
0	0
0	0
0	0
0	0
0	0
4	0
0	0
0	0
5	0
2	0
0	0
0	0
0	0
0	0
0	0
13	0
0	0
0	0
0	0
8	0
0	0
1	0
0	0
0	0
0	0
0	0
8	0
0	0
0	0
0	0
0	0
0	0
0	0
0	0
0	0
0	0
0	0
0	0
0	0
0	0
0	0
0	0
0	0
1	0
4	0
0	0
24	0
0	0
0	0
0	0
0	0
0	0
0	0
0	0
0	0
0	0
0	0
0	0
2	0
2	0
0	0
9	0
0	0
0	0
0	0
0	0
0	0
0	0
0	0
0	0
0	0
0	0
22	0
0	0
0	0
0	0
0	0
0	0
0	0
0	0
0	0
0	0
0	0
0	0
0	0
0	0
0	0
0	0
0	0
0	0
0	0
0	0
16	0
0	0
0	0
0	0
0	0
0	0
0	0
0	0
0	0
0	0
0	0
0	0
0	0
0	0
30	0
6	0
2	0
0	0
0	0
0	0
0	0
0	0
0	0
0	0
0	0
0	0
1	0
0	0
2	0
0	0
0	0
2	0
0	0
0	0
0	0
0	0
57	0
0	0
46	0
0	0
0	0
0	0
0	0
0	0
2	0
0	0
4	0
10	0
0	0
0	0
119	0
0	0
0	0
0	0
0	0
0	0
47	0
13	0
0	0
0	0
78	0
0	0
2	0
33	0
0	0
0	0
0	0
0	0
145	0
12	0
0	0
0	0
0	0
11	0
0	0
0	0
0	0
0	0
0	0
0	0
0	0
0	0
64	0
0	0
0	0
1	0
0	0
0	0
0	0
34	0
0	0
0	0
0	0
0	0
504	0
8	0
0	0
12	0
0	0
0	0
37	0
1	0
0	0
0	0
3	0
0	0
0	0
0	0
0	0
0	0
109	0
0	0
22	0
1	0
1	0
22	0
0	0
0	0
0	0
0	0
0	0
0	0
35	0
0	0
1	0
0	0
0	0
0	0
7	0
0	0
0	0
0	0
0	0
0	0
0	0
6	0
0	0
53	0
5	0
3	0
0	0
0	0
0	0
0	0
0	0
0	0
0	0
0	0
0	0
82	0
0	0
0	0
4	1
0	0
0	0
0	0
0	0
172	0
0	0
0	0
0	0
0	0
121	0
181	0
0	0
0	0
0	0
0	0
1	0
0	0
11	0
1	0
0	0
0	0
65	0
0	0
71	0
0	0
9	0
0	0
0	0
0	0
82	0
0	0
17	0
0	0
0	0
0	0
0	0
8	0
0	0
0	0
0	0
0	0
0	0
0	0
52	0
0	0
0	0
0	0
0	0
0	0
5	0
0	0
0	0
12	0
0	0
0	0
0	0
0	0
0	0
0	0
0	0
0	0
0	0
0	0
0	0
0	0
63	0
0	0
0	0
0	0
0	0
0	0
23	0
7	0
0	0
0	0
0	0
0	0
0	0
3	0
86	0
15	0
0	0
0	0
16	0
1	0
6	0
0	0
0	0
0	0
0	0
0	0
0	0
0	0
0	0
0	0
0	0
0	0
0	0
0	0
0	0
3	0
0	0
53	0
0	0
0	0
0	0
0	0
0	0
0	0
0	0
0	0
0	0
0	0
0	0
0	0
0	0
0	0
3	0
0	0
0	0
0	0
0	0
3	0
0	0
0	0
0	0
0	0
0	0
0	0
0	0
0	0
0	0
0	0
0	0
0	0
0	0
0	0
0	0
0	0
0	0
2	0
0	0
3	0
0	0
0	0
0	0
0	0
0	0
0	0
0	0
7	0
0	0
0	0
0	0
0	0
0	0
0	0
0	0
0	0
0	0
0	0
0	0
0	0
0	0
0	0
0	0
0	0
0	0
0	0
0	0
0	0
0	0
0	0
12	0
0	0
0	0
0	0
0	0
0	0
8	0
0	0
0	0
0	0
0	0
0	0
57	0
0	0
0	0
0	0
0	0
0	0
0	0
0	0
0	0
0	0
0	0
72	0
0	0
0	0
12	0
0	0
0	0
0	0
1	0
0	0
0	0
0	0
202	0
0	0
0	0
0	0
0	0
0	0
0	0
0	0
0	0
1	0
269	0
0	0
0	0
0	0
0	0
0	0
0	0
0	0
0	0
0	0
0	0
0	0
0	0
0	0
0	0
0	0
55	0
7	0
0	0
0	0
3	0
0	0
0	0
0	0
0	0
0	0
0	0
0	0
0	0
9	0
0	0
0	0
0	0
0	0
0	0
0	0
0	0
43	0
0	0
0	0
0	0
0	0
0	0
0	0
0	0
0	0
1	0
0	0
0	0
0	0
3	0
0	0
0	0
0	0
9	0
0	0
0	0
6	0
0	0
0	0
0	0
0	0
0	0
0	0
3	0
41	0
0	0
55	0
0	0
0	0
0	0
0	0
0	0
0	0
0	0
0	0
0	0
0	0
4	0
5	0
0	0
0	0
8	0
0	0
0	0
447	0
0	0
0	0
0	0
0	0
6	0
0	0
0	0
6	0
0	0
0	0
0	0
0	0
74	0
0	0
0	0
2	0
3	0
0	0
0	0
0	0
0	0
0	0
0	0
0	0
0	0
0	0
0	0
0	0
0	0
0	0
0	0
0	0
0	0
0	0
0	0
0	0
193	0
0	0
0	0
4	0
0	0
0	0
37	0
0	0
0	0
0	0
0	0
0	0
0	0
0	0
0	0
0	0
0	0
0	0
0	0
0	0
0	0
0	0
0	0
0	0
4	0
0	0
0	0
0	0
3	0
0	0
0	0
0	0
0	0
0	0
0	0
0	0
0	0
0	0
0	0
0	0
0	0
0	0
0	0
13	0
0	0
0	0
0	0
0	0
0	0
0	0
0	0
0	0
0	0
0	0
2	0
0	0
0	0
0	0
0	0
0	0
1	0
0	0
0	0
0	0
0	0
0	0
0	0
0	0
0	0
0	0
0	0
0	0
0	0
0	0
0	0
0	0
0	0
0	0
1	0
0	0
0	0
0	0
40	0
0	0
0	0
0	0
0	0
0	0
0	0
0	0
52	0
0	0
0	0
0	0
0	0
0	0
0	0
0	0
0	0
0	0
0	0
0	0
0	0
0	0
0	0
0	0
0	0
0	0
0	0
1	0
0	0
0	0
0	0
57	0
0	0
0	0
0	0
0	0
0	0
238	0
0	0
0	0
0	0
34	0
0	0
0	0
0	0
0	0
0	0
0	0
0	0
0	0
0	0
0	0
0	0
0	0
0	0
0	0
5	0
0	0
0	0
0	0
0	0
0	0
0	0
0	0
0	0
1	0
0	0
0	0
0	0
4	0
0	0
0	0
0	0
0	0
0	0
15	0
0	0
1	0
0	0
0	0
0	0
0	0
0	0
0	0
0	0
0	0
1	0
0	0
0	0
0	0
1	0
0	0
0	0
6	0
0	0
0	0
0	0
0	0
0	0
0	0
0	0
0	0
0	0
1	0
0	0
0	0
0	0
0	0
0	0
0	0
0	0
0	0
0	0
0	0
0	0
9	0
0	0
12	0
0	0
68	0
7	0
1436	0
0	0
0	0
0	0
80	3
1	0
1	0
0	0
0	0
16	0
42	0
43	0
0	0
0	0
0	0
0	0
0	0
0	0
0	0
0	0
9	0
0	0
0	0
0	0
0	0
3	0
0	0
0	0
0	0
0	0
7	1
0	0
0	0
0	0
0	0
0	0
0	0
0	0
413	0
0	0
0	0
0	0
0	0
0	0
0	0
0	0
6	0
37	0
0	0
0	0
0	0
11	0
0	0
0	0
0	0
0	0
0	0
0	0
0	0
4	0
0	0
0	0
0	0
49	0
25	0
14	0
0	0
0	0
0	0
0	0
0	0
0	0
0	0
0	0
0	0
22	0
0	0
0	0
0	0
0	0
0	0
0	0
0	0
4	0
0	0
0	0
0	0
0	0
0	0
1	0
0	0
0	0
0	0
0	0
0	0
0	0
16	0
6	0
0	0
0	0
0	0
0	0
0	0
0	0
0	0
0	0
0	0
0	0
0	0
6	0
0	0
0	0
0	0
0	0
20	0
0	0
0	0
0	0
0	0
0	0
0	0
0	0
0	0
0	0
0	0
267	0
0	0
268	0
0	0
0	0
0	0
24	4
0	0
55	0
0	0
0	0
0	0
8	0
0	0
0	0
0	0
0	0
0	0
137	0
0	0
0	0
10	0
0	0
0	0
0	0
0	0
0	0
0	0
0	0
1	0
0	0
0	0
0	0
0	0
0	0
0	0
0	0
0	0
0	0
0	0
0	0
0	0
0	0
0	0
0	0
33	0
0	0
0	0
0	0
0	0
0	0
0	0
0	0
0	0
2	0
0	0
0	0
0	0
0	0
0	0
0	0
0	0
0	0
0	0
0	0
0	0
0	0
0	0
2	0
0	0
44	0
0	0
504	0
0	0
58	0
40	0
0	0
0	0
0	0
14	0
17	0
82	0
0	0
33	0
0	0
0	0
0	0
2	0
0	0
0	0
0	0
0	0
0	0
6	0
0	0
0	0
85	0
0	0
0	0
0	0
0	0
0	0
0	0
0	0
0	0
0	0
0	0
3	0
0	0
53	0
39	0
0	0
0	0
0	0
0	0
89	0
0	0
0	0
0	0
0	0
0	0
40	0
0	0
3	0
0	0
17	0
160	0
0	0
0	0
0	0
0	0
0	0
0	0
2	0
0	0
0	0
0	0
0	0
0	0
0	0
0	0
0	0
0	0
0	0
0	0
0	0
0	0
0	0
35	0
0	0
8	0
0	0
0	0
0	0
0	0
141	0
2	0
0	0
0	0
3	0
0	0
49	0
0	0
0	0
411	0
0	0
324	0
0	0
0	0
0	0
0	0
0	0
0	0
0	0
0	0
8	0
0	0
0	0
0	0
0	0
0	0
0	0
0	0
0	0
0	0
0	0
0	0
0	0
0	0
9	0
0	0
0	0
0	0
21	0
0	0
0	0
0	0
0	0
0	0
0	0
0	0
0	0
0	0
0	0
0	0
0	0
0	0
0	0
0	0
0	0
0	0
0	0
0	0
0	0
0	0
0	0
0	0
0	0
0	0
0	0
0	0
1	0
0	0
0	0
0	0
30	0
0	0
0	0
0	0
0	0
0	0
0	0
0	0
0	0
107	0
0	0
0	0
0	0
0	0
3	1
0	0
0	0
0	0
0	0
0	0
0	0
0	0
73	0
0	0
0	0
0	0
0	0
0	0
0	0
0	0
0	0
0	0
0	0
0	0
1	0
0	0
7	0
0	0
0	0
0	0
0	0
0	0
0	0
0	0
0	0
2	0
0	0
0	0
0	0
0	0
4	0
0	0
0	0
0	0
2	0
0	0
0	0
0	0
1	0
0	0
0	0
0	0
4	0
0	0
3	0
0	0
0	0
0	0
0	0
0	0
25	0
0	0
0	0
0	0
0	0
0	0
0	0
0	0
0	0
0	0
0	0
3	0
0	0
0	0
1	0
0	0
0	0
0	0
0	0
0	0
0	0
0	0
3	0
0	0
0	0
0	0
2	0
0	0
0	0
3	0
0	0
0	0
0	0
0	0
0	0
0	0
0	0
0	0
9	0
0	0
0	0
0	0
0	0
0	0
0	0
0	0
0	0
0	0
0	0
2	0
0	0
36	0
0	0
0	0
0	0
1	0
0	0
7	0
1	0
0	0
24	1
0	0
0	0
0	0
0	0
1	0
0	0
0	0
0	0
0	0
0	0
0	0
0	0
1	0
1	0
0	0
1	0
0	0
0	0
0	0
0	0
0	0
0	0
0	0
0	0
0	0
0	0
2	0
0	0
0	0
2	0
0	0
2	0
0	0
3	0
0	0
0	0
0	0
0	0
0	0
0	0
0	0
0	0
0	0
0	0
0	0
0	0
0	0
0	0
0	0
0	0
0	0
0	0
0	0
0	0
0	0
158	0
0	0
0	0
0	0
0	0
0	0
2	0
0	0
0	0
0	0
8	0
0	0
6	0
0	0
0	0
0	0
0	0
0	0
0	0
0	0
228	0
0	0
0	0
0	0
0	0
0	0
1	0
0	0
0	0
0	0
3	0
0	0
0	0
0	0
0	0
0	0
0	0
0	0
0	0
0	0
0	0
0	0
0	0
0	0
0	0
0	0
0	0
0	0
173	0
0	0
0	0
75	0
0	0
0	0
0	0
0	0
0	0
0	0
0	0
0	0
3	0
0	0
0	0
0	0
0	0
0	0
0	0
2	0
0	0
21	0
0	0
0	0
0	0
0	0
0	0
0	0
0	0
17	0
0	0
0	0
0	0
0	0
0	0
0	0
0	0
8	0
0	0
0	0
0	0
0	0
0	0
0	0
0	0
0	0
0	0
0	0
2	0
0	0
0	0
0	0
0	0
0	0
0	0
0	0
0	0
0	0
0	0
0	0
0	0
0	0
0	0
0	0
3	0
0	0
0	0
28	0
0	0
0	0
0	0
0	0
0	0
0	0
0	0
0	0
0	0
68	0
0	0
0	0
0	0
1	0
0	0
0	0
0	0
2	0
0	0
0	0
0	0
8	0
0	0
0	0
3	0
0	0
0	0
0	0
0	0
0	0
0	0
0	0
0	0
1049	0
0	0
0	0
0	0
0	0
0	0
0	0
0	0
0	0
0	0
48	0
0	0
1	0
0	0
0	0
36	0
57	0
0	0
0	0
0	0
0	0
0	0
0	0
0	0
0	0
0	0
0	0
21	0
0	0
0	0
0	0
2	0
5	0
0	0
397	0
9	0
0	0
0	0
1	0
0	0
89	0
0	0
0	0
0	0
0	0
1	0
0	0
0	0
0	0
0	0
0	0
0	0
0	0
4	0
0	0
0	0
0	0
0	0
0	0
0	0
0	0
0	0
0	0
0	0
0	0
0	0
0	0
0	0
0	0
0	0
0	0
0	0
0	0
2	0
0	0
0	0
0	0
0	0
0	0
0	0
0	0
13	0
0	0
0	0
0	0
0	0
0	0
0	0
0	0
0	0
0	0
34	0
0	0
0	0
0	0
0	0
0	0
5	0
0	0
0	0
0	0
0	0
0	0
0	0
0	0
187	0
0	0
0	0
0	0
0	0
0	0
0	0
2	0
0	0
0	0
0	0
3	0
2	0
0	0
0	0
0	0
0	0
0	0
0	0
0	0
0	0
0	0
0	0
55	0
0	0
0	0
0	0
0	0
0	0
0	0
18	0
0	0
2	0
0	0
73	0
1	0
0	0
0	0
0	0
0	0
0	0
0	0
0	0
0	0
0	0
0	0
0	0
58	0
0	0
0	0
0	0
0	0
0	0
0	0
3	0
2	0
0	0
0	0
0	0
41	0
0	0
1	0
0	0
0	0
2	0
0	0
0	0
0	0
0	0
0	0
0	0
0	0
7	0
0	0
0	0
0	0
0	0
1	0
0	0
96	0
0	0
0	0
0	0
63	0
0	0
0	0
0	0
0	0
0	0
0	0
0	0
0	0
0	0
0	0
0	0
0	0
0	0
0	0
4	0
4	0
0	0
0	0
2	0
72	0
9	0
350	0
0	0
0	0
14	0
0	0
0	0
6	0
0	0
0	0
0	0
0	0
34	0
4	0
0	0
0	0
0	0
0	0
320	0
0	0
4	0
0	0
3	0
0	0
1	0
0	0
0	0
11	0
0	0
0	0
0	0
0	0
0	0
0	0
0	0
0	0
0	0
0	0
0	0
0	0
0	0
0	0
0	0
3	0
0	0
0	0
0	0
9	0
0	0
0	0
0	0
0	0
0	0
0	0
0	0
0	0
1	0
0	0
0	0
0	0
0	0
0	0
0	0
0	0
0	0
0	0
0	0
0	0
0	0
0	0
0	0
0	0
6	0
0	0
0	0
4	0
0	0
0	0
0	0
0	0
0	0
31	0
38	0
0	0
3	0
37	0
85	0
0	0
1	0
0	0
0	0
0	0
0	0
36	0
0	0
0	0
39	0
46	0
0	0
0	0
0	0
1	0
0	0
0	0
0	0
3	0
0	0
0	0
0	0
0	0
0	0
0	0
0	0
0	0
6	3
0	0
0	0
3	0
0	0
0	0
0	0
32	0
0	0
0	0
0	0
0	0
0	0
0	0
0	0
0	0
0	0
0	0
0	0
0	0
0	0
0	0
2	0
6	0
0	0
0	0
0	0
0	0
5	0
0	0
0	0
0	0
24	0
12	0
0	0
27	0
0	0
0	0
0	0
0	0
1	0
0	0
0	0
60	0
0	0
279	0
0	0
71	0
0	0
0	0
20	0
0	0
0	0
0	0
1	0
0	0
0	0
0	0
5	0
0	0
0	0
29	0
0	0
0	0
0	0
0	0
0	0
0	0
0	0
1	0
0	0
0	0
6	0
0	0
12	0
0	0
0	0
0	0
0	0
0	0
0	0
0	0
0	0
0	0
0	0
0	0
0	0
0	0
0	0
0	0
4	0
0	0
0	0
3	0
15	0
601	0
0	0
0	0
0	0
0	0
0	0
0	0
0	0
0	0
0	0
0	0
0	0
0	0
3	0
0	0
0	0
0	0
36	0
0	0
13	0
0	0
0	0
0	0
0	0
0	0
19	0
0	0
0	0
0	0
0	0
0	0
0	0
0	0
0	0
0	0
11	0
0	0
0	0
0	0
0	0
0	0
5	0
0	0
0	0
0	0
0	0
0	0
15	0
0	0
0	0
0	0
4	0
0	0
0	0
0	0
0	0
0	0
80	0
0	0
0	0
15	0
0	0
0	0
0	0
0	0
0	0
0	0
0	0
1	0
0	0
0	0
0	0
0	0
0	0
4	0
0	0
0	0
27	0
0	0
0	0
0	0
0	0
0	0
0	0
0	0
0	0
6	0
0	0
0	0
0	0
0	0
0	0
27	0
0	0
0	0
0	0
0	0
0	0
962	0
0	0
0	0
0	0
0	0
14	0
0	0
1	0
0	0
2	0
10	0
0	0
2	0
0	0
0	0
5	0
0	0
0	0
0	0
0	0
23	0
0	0
0	0
0	0
0	0
0	0
0	0
0	0
92	0
0	0
0	0
0	0
0	0
0	0
0	0
0	0
0	0
0	0
0	0
0	0
0	0
0	0
3	0
0	0
0	0
0	0
0	0
38	0
0	0
0	0
0	0
1	0
0	0
0	0
0	0
0	0
0	0
254	0
0	0
0	0
0	0
0	0
0	0
72	0
44	0
0	0
0	0
1	0
4	0
0	0
0	0
0	0
201	0
0	0
0	0
0	0
0	0
0	0
0	0
0	0
0	0
3	0
0	0
0	0
0	0
0	0
0	0
0	0
0	0
0	0
0	0
0	0
0	0
0	0
0	0
0	0
0	0
0	0
1	0
0	0
0	0
0	0
0	0
0	0
0	0
0	0
42	0
0	0
91	0
0	0
0	0
0	0
0	0
0	0
0	0
0	0
0	0
15	0
75	0
0	0
0	0
0	0
0	0
1	0
11	0
53	2
0	0
0	0
6	0
0	0
0	0
65	0
173	0
8	0
0	0
0	0
3	0
0	0
6829	0
0	0
0	0
0	0
0	0
0	0
17	0
45	0
0	0
0	0
0	0
0	0
0	0
0	0
0	0
0	0
0	0
0	0
0	0
0	0
0	0
0	0
0	0
0	0
0	0
1	0
0	0
0	0
0	0
0	0
0	0
0	0
17	0
112	0
0	0
0	0
0	0
0	0
3	0
0	0
2	0
0	0
0	0
0	0
49	0
0	0
0	0
0	0
0	0
0	0
0	0
0	0
0	0
0	0
0	0
0	0
0	0
0	0
0	0
47	0
255	0
0	0
0	0
0	0
0	0
0	0
0	0
0	0
0	0
13	0
0	0
13	0
0	0
25	0
0	0
0	0
2	0
1	0
0	0
0	0
8	0
2	0
0	0
0	0
0	0
0	0
0	0
0	0
0	0
12	0
0	0
0	0
0	0
28	0
0	0
0	0
0	0
0	0
0	0
5	0
2	0
3	0
0	0
0	0
0	0
0	0
0	0
0	0
0	0
0	0
0	0
0	0
0	0
0	0
0	0
0	0
0	0
0	0
11	0
0	0
0	0
0	0
0	0
0	0
0	0
0	0
0	0
0	0
0	0
0	0
0	0
0	0
0	0
0	0
0	0
0	0
77	0
0	0
0	0
96	0
208	0
0	0
0	0
0	0
0	0
2	0
14	0
0	0
0	0
0	0
0	0
0	0
0	0
0	0
0	0
0	0
0	0
0	0
0	0
0	0
0	0
0	0
0	0
0	0
0	0
0	0
0	0
0	0
0	0
0	0
0	0
2	0
0	0
0	0
0	0
0	0
0	0
18	0
44	0
0	0
0	0
0	0
0	0
0	0
0	0
0	0
148	0
2	0
0	0
0	0
0	0
0	0
0	0
0	0
0	0
0	0
0	0
0	0
55	0
0	0
0	0
0	0
0	0
0	0
30	0
0	0
0	0
13	0
0	0
0	0
0	0
0	0
0	0
0	0
0	0
0	0
70	0
0	0
0	0
0	0
0	0
55	0
7	0
1	0
0	0
0	0
0	0
0	0
0	0
0	0
0	0
0	0
0	0
0	0
0	0
0	0
0	0
0	0
0	0
0	0
0	0
1	0
0	0
85	0
0	0
0	0
172	0
0	0
0	0
0	0
0	0
54	0
0	0
4	0
1	0
0	0
0	0
10	0
2	0
0	0
0	0
34	0
0	0
0	0
0	0
85	0
19	0
0	0
0	0
3	0
0	0
0	0
0	0
0	0
0	0
37	0
1	0
265	0
0	0
0	0
0	0
0	0
0	0
0	0
0	0
1	0
1	0
0	0
24	0
0	0
0	0
0	0
0	0
0	0
20	0
12	0
0	0
0	0
323	0
0	0
0	0
0	0
0	0
0	0
0	0
0	0
0	0
0	0
0	0
0	0
0	0
0	0
0	0
0	0
0	0
0	0
0	0
0	0
0	0
0	0
0	0
0	0
0	0
3	0
83	0
0	0
0	0
0	0
0	0
0	0
0	0
0	0
0	0
0	0
0	0
0	0
0	0
0	0
0	0
0	0
0	0
0	0
0	0
0	0
0	0
0	0
6	0
143	0
0	0
0	0
0	0
0	0
0	0
0	0
7	0
1	0
0	0
0	0
0	0
18	0
0	0
0	0
0	0
3	0
0	0
0	0
7	0
0	0
0	0
0	0
1757	0
0	0
0	0
0	0
0	0
0	0
0	0
88	0
0	0
0	0
29	0
0	0
0	0
14	0
0	0
0	0
0	0
0	0
0	0
3	0
0	0
0	0
0	0
0	0
0	0
2	0
0	0
0	0
0	0
0	0
0	0
0	0
0	0
6	0
0	0
0	0
0	0
1	0
0	0
0	0
0	0
0	0
0	0
66	0
9	0
0	0
0	0
0	0
0	0
0	0
36	0
0	0
0	0
2	0
0	0
0	0
5	0
2	0
0	0
0	0
0	0
0	0
0	0
0	0
0	0
0	0
2	0
8	0
8	0
0	0
0	0
0	0
0	0
0	0
0	0
0	0
0	0
0	0
0	0
0	0
9	0
0	0
0	0
0	0
0	0
0	0
40	0
90	0
7	0
0	0
0	0
0	0
0	0
0	0
0	0
0	0
0	0
0	0
0	0
0	0
0	0
0	0
0	0
0	0
0	0
12	0
0	0
0	0
0	0
0	0
0	0
0	0
0	0
0	0
0	0
0	0
7	0
9	0
0	0
0	0
0	0
0	0
0	0
0	0
0	0
6	0
0	0
0	0
71	0
0	0
0	0
0	0
0	0
0	0
0	0
0	0
0	0
0	0
0	0
0	0
0	0
0	0
10	0
0	0
2	0
0	0
0	0
0	0
0	0
0	0
0	0
0	0
573	0
0	0
1	0
2	0
4	0
15	0
0	0
0	0
0	0
0	0
0	0
0	0
0	0
0	0
0	0
753	0
11	0
0	0
0	0
0	0
0	0
0	0
0	0
0	0
0	0
0	0
189	2
0	0
0	0
14	0
182	0
0	0
0	0
0	0
0	0
0	0
0	0
0	0
0	0
9	0
0	0
0	0
0	0
0	0
325	0
2	0
0	0
0	0
0	0
0	0
0	0
82	0
0	0
0	0
0	0
0	0
0	0
0	0
1036	0
0	0
0	0
0	0
0	0
0	0
0	0
0	0
0	0
0	0
0	0
0	0
3	0
0	0
0	0
0	0
0	0
0	0
0	0
0	0
0	0
0	0
0	0
0	0
0	0
8	0
0	0
0	0
0	0
0	0
0	0
0	0
0	0
0	0
43	0
0	0
0	0
0	0
0	0
0	0
0	0
0	0
0	0
0	0
0	0
0	0
0	0
0	0
0	0
0	0
8	0
19	0
0	0
88	0
0	0
0	0
0	0
0	0
0	0
2	0
0	0
0	0
0	0
11	0
0	0
13	0
0	0
82	0
0	0
0	0
0	0
5	0
0	0
2	0
0	0
0	0
0	0
0	0
0	0
0	0
0	0
0	0
0	0
0	0
0	0
0	0
2	0
0	0
0	0
0	0
0	0
0	0
193	0
0	0
0	0
0	0
0	0
0	0
0	0
2	0
0	0
0	0
0	0
0	0
0	0
0	0
2	0
1	0
0	0
0	0
0	0
0	0
0	0
0	0
0	0
0	0
3	0
0	0
0	0
0	0
0	0
0	0
0	0
0	0
0	2
0	0
1	0
6	0
1	0
0	0
0	0
121	0
0	0
0	0
0	0
0	0
0	0
1	0
0	0
0	0
0	0
5	0
0	0
0	0
0	0
0	0
18	0
0	0
4	0
0	0
0	0
6	0
104	0
0	0
0	0
0	0
11	0
0	0
0	0
0	0
0	0
0	0
0	0
4	0
0	0
0	0
12	0
72	0
22	0
7	0
0	0
0	0
0	0
0	0
0	0
0	0
0	0
0	0
0	0
0	0
0	0
8	0
0	0
43	0
0	0
0	0
0	0
0	0
0	0
0	0
0	0
2	0
0	0
0	0
0	0
80	0
0	0
0	0
0	0
0	0
0	0
0	0
0	0
0	0
0	0
0	0
0	0
6	0
3	0
0	0
1	0
13	0
0	0
0	0
0	0
0	0
0	0
0	0
0	0
0	0
82	0
0	0
0	0
0	0
0	0
0	0
0	0
0	0
0	0
0	0
0	0
0	0
59	0
0	0
1	0
0	0
0	0
0	0
0	0
0	0
0	0
0	0
0	0
0	0
0	0
3	0
0	0
0	0
0	0
0	0
0	0
0	0
0	0
2	0
0	0
0	0
1	0
0	0
0	0
4	0
0	0
0	0
0	0
3	0
169	0
3	0
0	0
0	0
0	0
0	0
75	0
0	0
50	0
0	0
0	0
2	0
0	0
0	0
0	0
0	0
0	0
0	0
0	0
10	0
0	0
0	0
0	0
0	0
0	0
0	0
0	0
0	0
0	0
0	0
0	0
55	0
2	0
0	0
0	0
0	0
0	0
0	0
0	0
0	0
0	0
0	0
1	0
0	0
0	0
0	0
0	0
0	0
0	0
4	0
0	0
0	0
0	0
0	0
0	0
69	0
0	0
0	0
0	0
0	0
7	0
0	0
0	0
4	0
0	0
50	0
0	0
0	0
0	0
0	0
0	0
0	0
0	0
0	0
157	0
0	0
0	0
0	0
0	0
0	0
0	0
0	0
11	0
0	0
0	0
0	0
0	0
0	0
0	0
0	0
2	0
0	0
15	0
0	0
0	0
0	0
0	0
0	0
0	0
0	0
0	0
0	0
0	0
61	0
0	0
4	0
0	0
0	0
0	0
0	0
0	0
0	0
15	0
0	0
0	0
0	0
76	0
0	0
0	0
0	0
0	0
0	0
0	0
0	0
0	0
0	0
0	0
0	0
20	0
0	0
0	0
0	0
0	0
0	0
0	0
21	0
0	0
0	0
0	0
0	0
0	0
0	0
0	0
0	0
0	0
0	0
0	0
0	0
0	0
0	0
2	0
0	0
26	0
0	0
0	0
0	0
5	0
0	0
63	0
0	0
0	0
0	0
0	0
32	0
0	0
0	0
49	0
0	0
0	0
0	0
0	0
0	0
14	0
0	0
21	0
233	0
4	0
0	0
83	3
0	0
3	0
0	0
0	0
0	0
0	0
0	0
0	0
0	0
0	0
0	0
0	0
0	0
18	0
0	0
0	0
0	0
132	0
0	0
11	0
0	0
0	0
0	0
0	0
15	0
12	0
0	0
0	0
6	0
0	0
0	0
1	0
0	0
2	0
0	0
4	0
0	0
0	0
0	0
0	0
0	0
6	0
5	0
0	0
0	0
0	0
0	0
0	0
0	0
3	0
0	0
0	0
0	0
0	0
0	0
83	1
0	0
0	0
0	0
0	0
697	0
0	0
3	0
0	0
0	0
2	0
0	0
0	0
0	0
0	0
433	0
0	0
0	0
0	0
0	0
0	0
0	0
0	0
0	0
0	0
0	0
0	0
0	0
0	0
0	0
0	0
0	0
0	0
0	0
0	0
0	0
24	0
0	0
0	0
0	0
0	0
0	0
0	0
0	0
49	0
0	0
6	0
91	8
0	0
0	0
2	0
0	0
1	0
0	0
105	0
0	0
0	0
0	0
0	0
0	0
0	0
57	0
0	0
3	0
0	0
0	0
0	0
0	0
0	0
1	0
0	0
0	0
0	0
0	0
0	0
0	0
0	0
0	0
2	0
0	0
0	0
0	0
0	0
0	0
0	0
0	0
0	0
0	0
0	0
0	0
0	0
0	0
0	0
14	0
0	0
3	0
0	0
0	0
0	0
0	0
2	0
0	0
0	0
0	0
0	0
0	0
0	0
17	0
0	0
0	0
0	0
0	0
0	0
1	0
0	0
0	0
0	0
0	0
0	0
0	0
0	0
0	0
77	0
0	0
0	0
6	0
0	0
0	0
0	0
0	0
0	0
0	0
0	0
0	0
1	0
0	0
0	0
0	0
0	0
0	0
0	0
0	0
0	0
17	0
0	0
0	0
46	0
0	0
68	0
0	0
0	0
0	0
0	0
0	0
0	0
2	0
0	0
0	0
0	0
0	0
0	0
3	0
0	0
0	0
2	0
0	0
7	0
1	0
0	0
0	0
0	0
42	0
0	0
0	0
0	0
3	0
0	0
0	0
0	0
0	0
0	0
0	0
1	0
0	0
0	0
7	0
2	0
0	0
0	0
0	0
0	0
0	0
0	0
0	0
1	0
0	0
0	0
0	0
0	0
0	0
0	0
9	0
0	0
0	0
0	0
0	0
0	0
21	0
0	0
0	0
0	0
0	0
3	0
11	0
0	0
0	0
67	0
76	0
0	0
0	0
0	0
0	0
174	0
0	0
0	0
0	0
0	0
0	0
0	0
8	0
0	0
14	0
73	0
0	0
0	0
3	0
21	0
0	0
0	0
0	0
0	0
0	0
3	0
0	0
0	0
19	0
0	0
0	0
65	0
0	0
0	0
118	0
0	0
0	0
0	0
0	0
0	0
0	0
0	0
0	0
0	0
0	0
122	0
0	0
0	0
0	0
0	0
0	0
0	0
0	0
0	0
0	0
147	0
0	0
0	0
175	0
0	0
2	0
0	0
0	0
0	0
0	0
0	0
22	0
0	0
36	0
0	0
18	0
0	0
0	0
0	0
4	0
83	0
0	0
0	0
0	0
0	0
0	0
46	0
0	0
0	0
0	0
0	0
0	0
0	0
0	0
0	0
4	0
0	0
0	0
0	0
0	0
0	0
0	0
0	0
0	0
0	0
0	0
0	0
0	0
0	0
0	0
0	0
0	0
0	0
0	0
0	0
0	0
0	0
0	0
0	0
391	0
0	0
0	0
0	0
0	0
0	0
0	0
0	0
0	0
0	0
0	0
1	0
0	0
0	0
0	0
0	0
0	0
0	0
0	0
0	0
8	0
0	0
141	1
51	0
9	0
0	0
0	0
0	0
0	0
210	0
0	0
0	0
0	0
0	0
0	0
0	0
0	0
88	0
0	0
0	0
0	0
0	0
0	0
0	0
0	0
0	0
2	0
0	0
0	0
0	0
21	0
8	0
13	0
0	0
20	0
0	0
0	0
0	0
0	0
0	0
0	0
0	0
0	0
0	0
21	0
0	0
0	0
0	0
0	0
0	0
0	0
0	0
0	0
0	0
0	0
0	0
0	0
0	0
0	0
3	0
0	0
0	0
0	0
0	0
0	0
723	0
0	0
0	0
0	0
1	0
0	0
0	0
0	0
0	0
0	0
0	0
0	0
0	0
0	0
32	0
0	0
4	0
0	0
0	0
0	0
0	0
0	0
0	0
0	0
0	0
0	0
0	0
0	0
0	0
0	0
0	0
0	0
0	0
0	0
0	0
0	0
0	0
57	0
0	0
0	0
0	0
0	0
1	0
0	0
0	0
0	0
0	0
0	0
0	0
0	0
0	0
0	0
0	0
0	0
0	0
65	0
0	0
0	0
0	0
0	0
0	0
0	0
0	0
0	0
0	0
0	0
0	0
0	0
0	0
0	0
11	0
0	0
0	0
0	0
0	0
1062	0
0	0
47	0
7	0
0	0
3	0
0	0
0	0
0	0
0	0
1	0
0	0
0	0
0	0
0	0
0	0
0	0
0	0
35	0
0	0
0	0
0	0
150	0
0	0
0	0
154	0
0	0
0	0
0	0
0	0
0	0
0	0
0	0
0	0
5	0
0	0
0	0
0	0
0	0
0	0
0	0
0	0
0	0
0	0
0	0
0	0
0	0
0	0
0	0
0	0
0	0
0	0
0	0
1	0
0	0
7	0
0	0
0	0
3	0
5	0
0	0
0	0
0	0
7	0
0	0
0	0
0	0
0	0
0	0
0	0
2	0
0	0
0	0
0	0
0	0
59	0
2	0
0	0
0	0
0	0
0	0
0	0
0	0
0	0
0	0
0	0
1	0
0	0
0	0
0	0
0	0
0	0
132	0
0	0
0	0
0	0
7	0
0	0
0	0
0	0
0	0
11	0
0	0
0	0
0	0
0	0
0	0
221	0
0	0
9	0
0	0
0	0
0	0
0	0
0	0
0	0
0	0
0	0
0	0
44	0
0	0
0	0
0	0
0	0
0	0
0	0
1	0
6	0
0	0
0	0
0	0
0	0
26	0
0	0
31	4
0	0
0	0
0	0
1	0
0	0
1	0
0	0
0	0
13	0
0	0
0	0
0	0
0	0
0	0
25	0
0	0
0	0
0	0
0	0
0	0
0	0
90	0
0	0
0	0
0	0
0	0
9	0
0	0
2	0
0	0
0	0
0	0
0	0
0	0
19	0
0	0
0	0
120	0
0	0
0	0
4	0
2	0
0	0
0	0
5	0
0	0
0	0
0	0
1	0
0	0
2	0
35	0
0	0
0	0
0	0
0	0
0	0
0	0
8	0
0	0
0	0
159	0
0	0
0	0
0	0
0	0
0	0
12	0
40	0
0	0
0	0
0	0
0	0
0	0
0	0
0	0
0	0
0	0
0	0
0	0
0	0
0	0
0	0
0	0
3	0
70	0
0	0
0	0
0	0
0	0
0	0
0	0
0	0
0	0
0	0
0	0
0	0
0	0
0	0
0	0
0	0
0	0
0	0
4	0
9	0
0	0
0	0
294	0
47	0
1	0
0	0
0	0
0	0
0	0
0	0
0	0
0	0
0	0
0	0
0	0
0	0
28	0
28	0
0	0
0	0
0	0
0	0
0	0
0	0
1	0
0	0
0	0
0	0
130	0
0	0
0	0
0	0
0	0
30	0
0	0
0	0
0	0
0	0
0	0
0	0
0	0
0	0
0	0
0	0
0	0
0	0
0	0
4	0
0	0
0	0
0	0
0	0
0	0
0	0
0	0
0	0
0	0
0	0
0	0
0	0
0	0
8	0
0	0
0	0
0	0
0	0
0	0
0	0
0	0
0	0
0	0
0	0
0	0
0	0
0	0
0	0
58	0
0	0
0	0
0	0
0	0
0	0
0	0
0	0
1	0
0	0
0	0
0	0
0	0
0	0
0	0
63	0
10	0
0	0
4	0
0	0
0	0
0	0
27	0
0	0
0	0
0	0
0	0
0	0
0	0
0	0
0	0
0	0
20	0
0	0
0	0
431	0
0	0
0	0
5	0
0	0
0	0
0	0
0	0
0	0
71	0
0	0
0	0
0	0
0	0
0	0
0	0
0	0
0	0
39	0
0	0
0	0
13	0
0	0
0	0
0	0
0	0
0	0
0	0
0	0
0	0
15	0
0	0
0	0
0	0
11	0
3	0
0	0
0	0
1	0
0	0
6	0
0	0
0	0
0	0
0	0
0	0
0	0
0	0
0	0
0	0
0	0
0	0
1	0
19	0
0	0
0	0
0	0
0	0
0	0
0	0
0	0
0	0
0	0
0	0
0	0
0	0
0	0
0	0
0	0
489	0
0	0
0	0
0	0
0	0
0	0
200	0
0	0
0	0
0	0
0	0
0	0
30	0
0	0
0	0
6	0
0	0
615	0
0	0
0	0
0	0
0	0
2	0
0	0
0	0
0	0
0	0
0	0
0	0
0	0
0	0
0	0
0	0
0	0
7	4
33	4
0	0
0	0
11	0
0	0
41	0
0	0
166	1
0	0
0	0
0	0
0	0
0	0
0	0
0	0
0	0
1	0
1	0
0	0
20	0
0	0
347	0
0	0
0	0
8	0
0	0
0	0
0	0
0	0
0	0
0	0
2	0
0	0
0	0
0	0
0	0
0	0
0	0
0	0
0	0
0	0
0	0
0	0
0	0
0	0
0	0
0	0
0	0
0	0
0	0
0	0
0	0
0	0
0	0
5	0
0	0
0	0
0	0
36	0
4	0
0	0
318	0
0	0
0	0
1	0
0	0
0	0
0	0
0	0
99	0
0	0
0	0
0	0
0	0
0	0
0	0
0	0
0	0
0	0
0	0
0	0
0	0
0	0
3	0
47	0
0	0
0	0
0	0
0	0
0	0
0	0
2	0
0	0
0	0
26	0
0	0
0	0
5	0
0	0
0	0
16	0
43	0
0	0
0	0
0	0
0	0
0	0
0	0
0	0
0	0
0	0
0	0
0	0
0	0
0	0
0	0
0	0
0	0
0	0
0	0
0	0
0	0
0	0
10	0
0	0
0	0
0	0
0	0
0	0
0	0
407	0
0	0
0	0
0	0
0	0
0	0
5	0
0	0
0	0
0	0
0	0
0	0
0	0
0	0
0	0
0	0
0	0
3	0
137	0
0	0
444	0
4	0
0	0
0	0
0	0
0	0
0	0
0	0
0	0
0	0
0	0
0	0
0	0
0	0
0	0
0	0
0	0
0	0
0	0
0	0
0	0
0	0
0	0
0	0
0	0
0	0
0	0
2	0
4	0
2	0
0	0
0	0
0	0
0	0
0	0
0	0
0	0
0	0
0	0
0	0
25	0
0	0
0	0
0	0
0	0
0	0
0	0
0	0
0	0
18	0
0	0
0	0
167	0
8	0
0	0
0	0
0	0
0	0
6	0
0	0
93	0
1	0
0	0
15	0
0	0
0	0
0	0
0	0
0	0
0	0
0	0
0	0
0	0
0	0
0	0
0	0
0	0
0	0
0	0
0	0
0	0
0	0
28	0
0	0
0	0
0	0
0	0
1	0
0	0
0	0
0	0
0	0
0	0
0	0
0	0
0	0
0	0
0	0
53	0
3	0
0	0
0	0
0	0
0	0
0	0
0	0
0	0
2	0
0	0
0	0
0	0
0	0
0	0
0	0
0	0
0	0
1	0
0	0
0	0
0	0
0	0
51	0
0	0
0	0
0	0
0	0
0	0
0	0
8	0
0	0
0	0
0	0
0	0
9	0
0	0
5	0
96	0
0	0
0	0
0	0
0	0
0	0
0	0
398	0
0	0
0	0
0	0
0	0
0	0
0	0
0	0
0	0
0	0
0	0
0	0
2	0
0	0
0	0
0	0
0	0
0	0
0	0
0	0
0	0
0	0
0	0
0	0
0	0
0	0
0	0
0	0
0	0
0	0
0	0
0	0
0	0
0	0
51	0
0	0
0	0
0	0
0	0
0	0
0	0
0	0
0	0
0	0
0	0
0	0
0	0
0	0
0	0
0	0
0	0
0	0
77	0
0	0
0	0
0	0
0	0
3	0
0	0
0	0
0	0
8	0
23	0
1	0
0	0
116	0
0	0
0	0
0	0
0	0
7	0
0	0
0	0
0	0
0	0
0	0
0	0
0	0
0	0
0	0
279	0
0	0
0	0
0	0
0	0
0	0
5	0
12	0
1	0
0	0
0	0
0	0
0	0
0	0
0	0
0	0
0	0
0	0
0	0
0	0
0	0
0	0
0	0
0	0
0	0
0	0
0	0
0	0
0	0
0	0
0	0
0	0
1	0
0	0
2	0
2	0
19	0
0	0
0	0
0	0
0	0
0	0
0	0
0	0
0	0
0	0
0	0
0	0
0	0
0	0
1	0
0	0
0	0
0	0
0	0
0	0
0	0
115	0
0	0
0	0
185	0
0	0
0	0
0	0
0	0
0	0
187	0
0	0
17	0
0	0
0	0
0	0
0	0
0	0
0	0
0	0
0	0
1	0
17	0
0	0
0	0
0	0
1	0
7	0
0	0
181	0
0	0
1	0
28	0
0	0
0	0
0	0
0	0
0	0
0	0
0	0
0	0
31	0
67	0
0	0
0	0
1	0
295	0
41	0
72	0
0	0
22	0
0	0
0	0
0	0
0	0
0	0
53	0
4	0
0	0
0	0
0	0
50	0
0	0
0	0
47	0
0	0
0	0
0	0
23	0
104	0
0	0
0	0
0	0
39	0
3	0
53	0
7	0
55	4
0	0
0	0
0	0
2	0
0	0
0	0
0	0
23	0
0	0
0	0
0	0
0	0
0	0
33	0
0	0
0	0
0	0
0	0
0	0
74	0
0	0
3	0
0	0
0	0
0	0
0	0
0	0
0	0
0	0
0	0
0	0
0	0
0	0
0	0
0	0
1	0
0	0
0	0
2	0
0	0
0	0
0	0
0	0
0	0
0	0
0	0
0	0
0	0
0	0
0	0
0	0
3	0
0	0
0	0
0	0
0	0
0	0
0	0
18	0
0	0
0	0
0	0
0	0
0	0
0	0
0	0
0	0
0	0
0	0
0	0
3	0
0	0
0	0
0	0
0	0
0	0
1	0
0	0
0	0
0	0
0	0
0	0
1	0
3	0
0	0
0	0
0	0
0	0
0	0
0	0
0	0
0	0
0	0
0	0
557	0
21	0
84	0
0	0
0	0
27	0
0	0
0	0
0	0
2	0
26	0
0	0
20	0
0	0
0	0
0	0
0	0
0	0
4	0
0	0
0	0
5	0
0	0
0	0
10	0
0	0
17	0
0	0
0	0
0	0
0	0
0	0
0	0
0	0
0	0
11	0
0	0
0	0
0	0
0	0
0	0
0	0
0	0
0	0
0	0
0	0
0	0
5	0
9	0
0	0
0	0
0	0
0	0
0	0
0	0
0	0
17	0
0	0
0	0
0	0
0	0
0	0
0	0
0	0
0	0
0	0
0	0
0	0
0	0
0	0
0	0
0	0
0	0
47	0
0	0
0	0
0	0
0	0
0	0
69	0
0	0
0	0
0	0
0	0
0	0
0	0
1	0
0	0
0	0
52	0
0	0
0	0
0	0
0	0
0	0
0	0
61	0
0	0
0	0
0	0
0	0
0	0
0	0
0	0
0	0
0	0
0	0
10	0
0	0
0	0
0	0
87	0
0	0
0	0
0	0
0	0
0	0
0	0
0	0
6	0
0	0
0	0
145	0
0	0
1	0
0	0
3	0
0	0
0	0
0	0
0	0
0	0
3	0
0	0
0	0
0	0
3	0
0	0
0	0
0	0
0	0
0	0
0	0
0	0
0	0
4	0
0	0
0	0
0	0
7	0
5	0
21	0
0	0
0	0
0	0
0	0
0	0
0	0
0	0
0	0
0	0
89	0
0	0
0	0
0	0
0	0
0	0
0	0
0	0
89	0
0	0
0	0
0	0
0	0
0	0
0	0
0	0
1	0
0	0
0	0
0	0
36	0
0	0
44	0
87	0
0	0
0	0
0	0
0	0
0	0
0	0
126	0
0	0
0	0
0	0
0	0
0	0
60	0
0	0
0	0
0	0
0	0
0	0
0	0
0	0
0	0
0	0
0	0
0	0
0	0
81	0
0	0
0	0
41	0
1343	0
4	1
3	0
0	0
12	0
0	0
0	0
0	0
10	0
0	0
0	0
0	0
0	0
1	0
0	0
0	0
0	0
67	0
0	0
0	0
0	0
0	0
0	0
0	0
8	0
0	0
0	0
0	0
0	0
0	0
0	0
0	0
0	0
0	0
0	0
0	0
0	0
15	0
0	0
11	0
23	0
2	0
0	0
0	0
86	0
232	4
0	0
0	0
0	0
0	0
22	0
0	0
0	0
0	0
0	0
0	0
0	0
0	0
0	0
0	0
0	0
0	0
0	0
0	0
0	0
0	0
0	0
232	0
12	0
0	0
2	0
0	0
0	0
34	0
0	0
0	0
0	0
0	0
0	0
0	0
0	0
0	0
0	0
0	0
0	0
0	0
1	0
0	0
34	0
0	0
18	0
41	0
0	0
0	0
0	0
0	0
1	0
0	0
0	0
0	0
0	0
0	0
0	0
0	0
0	0
0	0
0	0
0	0
0	0
0	0
0	0
0	0
0	0
0	0
0	0
0	0
0	0
1	0
0	0
0	0
0	0
0	0
0	0
0	0
0	0
0	0
4	0
0	0
0	0
0	0
0	0
0	0
0	0
0	0
0	0
0	0
0	0
0	0
8	0
32	0
0	0
0	0
0	0
0	0
0	0
0	0
0	0
0	0
0	0
0	0
0	0
0	0
0	0
12	0
0	0
0	0
0	0
63	0
0	0
0	0
0	0
0	0
0	0
0	0
0	0
1	0
0	0
0	0
6	0
0	0
0	0
0	0
0	0
0	0
0	0
0	0
0	0
0	0
0	0
0	0
0	0
0	0
3	0
0	0
6	0
0	0
0	0
0	0
0	0
0	0
0	0
0	0
0	0
0	0
0	0
0	0
0	0
0	0
255	0
0	0
0	0
0	0
0	0
0	0
0	0
116	0
0	0
0	0
0	0
0	0
0	0
0	0
0	0
0	0
0	0
0	0
0	0
0	0
0	0
0	0
0	0
0	0
76	0
69	0
0	0
0	0
68	0
0	0
0	0
0	0
0	0
5	0
30	0
0	0
0	0
0	0
163	0
0	0
0	0
0	0
0	0
0	0
9	0
0	0
15	0
17	0
4	0
0	0
1	0
0	0
0	0
0	0
0	0
0	0
0	0
28	0
0	0
0	0
0	0
0	0
90	0
0	0
0	0
0	0
21	0
0	0
0	0
0	0
22	0
0	0
5	0
0	0
1	0
0	0
0	0
0	0
0	0
0	0
0	0
0	0
0	0
0	0
0	0
0	0
1	0
0	0
0	0
0	0
0	0
0	0
0	0
0	0
0	0
0	0
0	0
0	0
0	0
0	0
0	0
0	0
28	0
0	0
11	0
0	0
0	0
0	0
2	0
0	0
0	0
0	0
0	0
0	0
0	0
0	0
1	0
49	0
0	0
4	0
0	0
0	0
0	0
0	0
1	0
7	0
0	0
1	0
0	0
0	0
0	0
0	0
0	0
0	0
0	0
0	0
12	0
0	0
10	0
0	0
0	0
0	0
0	0
0	0
0	0
0	0
0	0
0	0
0	0
0	0
0	0
0	0
3	0
0	0
0	0
222	0
0	0
0	0
0	0
18	0
0	0
0	0
0	0
0	0
1	0
201	0
0	0
0	0
0	0
0	0
0	0
0	0
0	0
0	0
0	0
0	0
0	0
0	0
0	0
0	0
0	0
0	0
0	0
0	0
0	0
0	0
0	0
0	0
0	0
0	0
0	0
0	0
0	0
0	0
0	0
5	0
0	0
0	0
0	0
68	0
0	0
4	0
0	0
0	0
115	0
0	0
0	0
5	0
0	0
0	0
10	0
0	0
0	0
0	0
0	0
0	0
0	0
14	0
0	0
0	0
0	0
0	0
0	0
0	0
0	0
0	0
0	0
0	0
105	0
0	0
0	0
4	0
0	0
0	0
0	0
0	0
0	0
0	0
0	0
1	0
0	0
0	0
127	0
0	0
44	0
0	0
0	0
0	0
0	0
0	0
0	0
0	0
0	0
0	0
28	0
0	0
0	0
0	0
1	0
0	0
0	0
10	0
0	0
0	0
0	0
3	0
0	0
0	0
23	0
10	0
0	0
0	0
0	0
0	0
0	0
13	0
0	0
0	0
0	0
0	0
0	0
0	0
28	0
0	0
0	0
0	0
0	0
0	0
0	0
0	0
0	0
0	0
0	0
1	0
1	0
0	0
0	0
0	0
0	0
0	0
0	0
0	0
0	0
0	0
12	0
3	0
0	0
0	0
0	0
0	0
0	0
0	0
0	0
0	0
0	0
0	0
0	0
0	0
0	0
18	0
0	0
0	0
0	0
0	0
0	0
0	0
0	0
0	0
0	0
0	0
0	0
39	0
0	0
0	0
0	0
0	0
0	0
2	0
0	0
13	0
0	0
0	0
0	0
0	0
0	0
0	0
0	0
0	0
0	0
0	0
3	0
0	0
0	0
0	0
0	0
0	0
0	0
0	0
0	0
120	0
6	0
0	0
0	0
0	0
0	0
0	0
0	0
1	0
0	0
0	0
0	0
1	0
0	0
0	0
0	0
0	0
0	0
0	0
0	0
21	0
0	0
0	0
0	0
0	0
1	0
0	0
5	0
0	0
23	0
0	0
0	0
0	0
0	0
0	0
25	0
0	0
0	0
1	0
0	0
0	0
0	0
0	0
0	0
0	0
41	0
0	0
0	0
0	0
0	0
0	0
0	0
0	0
0	0
0	0
0	0
0	0
94	0
0	0
0	0
0	0
0	0
0	0
0	0
0	0
0	0
0	0
0	0
0	0
0	0
0	0
0	0
0	0
0	0
0	0
0	0
0	0
0	0
0	0
0	0
0	0
0	0
0	0
0	0
0	0
0	0
0	0
0	0
0	0
0	0
0	0
0	0
0	0
0	0
0	0
0	0
0	0
10	0
0	0
0	0
0	0
0	0
0	0
0	0
0	0
16	0
0	0
0	0
0	0
0	0
0	0
0	0
550	0
0	0
0	0
2	0
0	0
0	0
32	0
0	0
6	0
0	0
0	0
0	0
0	0
0	0
0	0
0	0
0	0
3	0
0	0
0	0
0	0
487	0
0	0
0	0
0	0
0	0
0	0
0	0
0	0
0	0
0	0
0	0
37	0
0	0
0	0
0	0
0	0
1	0
0	0
0	0
0	0
0	0
0	0
0	0
0	0
0	0
0	0
1	0
0	0
0	0
0	0
0	0
9	0
0	0
0	0
0	0
0	0
0	0
14	0
0	0
0	0
0	0
0	0
0	0
0	0
0	0
0	0
0	0
0	0
6	0
29	0
0	0
0	0
2	0
0	0
0	0
3	0
0	0
30	0
0	0
0	0
5	0
0	0
0	0
0	0
0	0
0	0
0	0
0	0
3	0
0	0
0	0
4	0
0	0
0	0
0	0
0	0
0	0
0	0
0	0
21	0
23	0
0	0
0	0
158	0
0	0
0	0
0	0
0	0
0	0
0	0
59	0
0	0
0	0
0	0
0	0
0	0
8	0
0	0
0	0
0	0
0	0
2	0
0	0
0	0
0	0
0	0
0	0
0	0
0	0
0	0
0	0
133	0
0	0
12	0
0	0
0	0
0	0
0	0
0	0
34	0
0	0
48	0
0	0
0	0
0	0
3	0
0	0
0	0
77	0
0	0
0	0
0	0
0	0
0	0
0	0
0	0
0	0
0	0
0	0
0	0
2	0
0	0
0	0
47	0
0	0
0	0
0	0
71	0
0	0
0	0
0	0
0	0
0	0
0	0
0	0
0	0
0	0
0	0
0	0
0	0
0	0
0	0
0	0
0	0
0	0
0	0
0	0
0	0
0	0
0	0
0	0
0	0
0	0
1	0
0	0
0	0
0	0
0	0
0	0
0	0
2	0
0	0
0	0
0	0
2	0
0	0
0	0
51	0
0	0
0	0
1	0
0	0
53	0
0	0
1	0
0	0
0	0
0	0
0	0
0	0
0	0
0	0
0	0
0	0
19	0
0	0
1	0
0	0
0	0
0	0
0	0
0	0
0	0
14	0
0	0
0	0
0	0
0	0
5	0
0	0
0	0
0	0
31	0
0	0
0	0
3	0
0	0
67	0
0	0
0	0
0	0
0	0
0	0
0	0
0	0
0	0
0	0
0	0
0	0
0	0
0	0
0	0
0	0
0	0
0	0
0	0
0	0
3	0
0	0
0	0
0	0
0	0
0	0
0	0
3	0
0	0
1	0
11	0
2	0
11	0
0	0
0	0
0	0
0	0
0	0
0	0
0	0
0	0
0	0
6	0
0	0
0	0
0	0
0	0
0	0
0	0
0	0
0	0
0	0
0	0
0	0
0	0
1	0
46	0
258	0
16	0
0	0
0	0
0	0
0	0
0	0
0	0
0	0
0	0
0	0
0	0
0	0
0	0
0	0
241	4
0	0
0	0
0	0
2	0
0	0
3	0
0	0
2	0
0	0
0	0
0	0
0	0
6	0
0	0
0	0
0	0
0	0
0	0
0	0
0	0
0	0
0	0
0	0
0	0
0	0
1	0
0	0
0	0
0	0
0	0
0	0
0	0
0	0
3	0
0	0
0	0
2	0
0	0
0	0
0	0
0	0
1	2
40	0
0	0
12	0
0	0
0	0
0	0
0	0
54	0
0	0
63	0
0	0
1	0
0	0
0	0
5	0
0	0
0	0
0	0
0	0
0	0
0	0
0	0
0	0
0	0
0	0
0	0
0	0
0	0
0	0
0	0
0	0
0	0
17	0
1	0
0	0
0	0
2	0
1	0
16	0
0	0
1	0
0	0
15	0
0	0
0	0
0	0
0	0
12	0
0	0
331	0
416	0
0	0
0	0
0	0
0	0
0	0
0	0
0	0
0	0
0	0
0	0
0	0
0	0
0	0
0	0
0	0
9	0
0	0
0	0
0	0
0	0
0	0
0	0
0	0
29	0
0	0
10	0
0	0
0	0
0	0
0	0
0	0
0	0
0	0
0	0
0	0
0	0
0	0
0	0
0	0
0	0
0	0
0	0
8	0
0	0
10	0
0	0
0	0
0	0
0	0
0	0
0	0
3	0
0	0
0	0
0	0
0	0
0	0
550	0
0	0
0	0
0	0
0	0
0	0
0	0
28	0
37	0
0	0
0	0
0	0
0	0
0	0
0	0
0	0
0	0
0	0
0	0
0	0
14	0
0	0
689	0
0	0
46	0
12	0
0	0
0	0
0	0
1	0
0	0
0	0
0	0
0	0
0	0
0	0
0	0
0	0
1	0
0	0
0	0
0	0
0	0
0	0
0	0
0	0
0	0
0	0
0	0
72	0
0	0
0	0
2	0
0	0
12	0
0	0
0	0
0	0
0	0
0	0
0	0
0	0
65	0
0	0
0	0
0	0
0	0
0	0
0	0
1	0
0	0
0	0
0	0
0	0
0	0
0	0
0	0
5	0
0	0
0	0
0	0
0	0
0	0
0	0
0	0
0	0
0	0
0	0
0	0
0	0
0	0
1	0
0	0
0	0
0	0
0	0
5	0
0	0
0	0
0	0
0	0
0	0
0	0
0	0
0	0
0	0
44	10
17	3
0	0
0	0
0	0
0	0
4	0
0	0
0	0
0	0
0	0
0	0
0	0
0	0
0	0
0	0
0	0
0	0
0	0
0	0
0	0
0	0
0	0
0	0
0	0
0	0
0	0
0	0
0	0
0	0
1	0
0	0
0	0
0	0
1	0
0	0
0	0
0	0
0	0
0	0
0	0
28	0
0	0
0	0
0	0
0	0
0	0
0	0
0	0
0	0
0	0
0	0
0	0
0	0
0	0
0	0
0	0
0	0
0	0
0	0
8	0
0	0
0	0
0	0
0	0
0	0
0	0
0	0
4	0
0	0
0	0
0	0
17	0
0	0
0	0
0	0
0	2
0	0
0	0
0	0
0	0
0	0
0	0
0	0
0	0
0	0
0	0
0	0
1209	15
0	0
0	0
0	0
0	0
0	0
2	0
0	0
0	0
0	0
0	0
12	0
0	0
0	0
0	0
0	0
0	0
0	0
0	0
0	0
0	0
0	0
0	0
0	0
0	3
0	0
0	0
0	0
0	0
0	0
0	0
0	0
0	0
0	0
0	0
0	0
0	0
0	0
0	0
0	0
0	0
0	0
0	0
0	0
0	0
0	0
0	0
0	0
0	0
3	0
0	0
42	0
0	0
1	0
0	0
0	0
0	0
0	0
0	0
0	0
9	0
0	0
0	0
0	0
0	0
0	0
0	1
0	0
0	0
0	0
0	0
0	0
0	0
0	0
0	0
0	0
0	0
5	22
0	0
0	0
2	18
0	0
0	0
0	1
0	0
0	0
2	0
89	0
0	0
0	0
22	3
0	0
0	0
0	0
0	0
0	0
0	0
0	0
0	0
0	0
0	0
0	0
0	0
0	0
0	0
0	0
0	0
1	0
0	0
1	0
0	0
0	0
12	0
0	0
0	0
0	0
0	0
0	0
0	0
0	0
0	0
0	0
0	0
0	0
0	0
0	0
0	0
0	0
0	0
0	0
0	0
0	0
0	0
0	0
0	0
0	0
0	0
0	0
0	0
0	0
0	0
0	0
0	0
0	0
0	0
0	0
0	0
0	0
0	0
0	0
0	0
0	0
0	0
0	0
0	0
0	0
0	0
0	0
0	0
0	0
0	0
0	0
0	0
0	0
0	0
0	0
0	0
0	0
0	0
0	0
0	0
0	0
0	0
0	0
0	0
0	0
0	0
0	0
0	0
0	0
0	0
0	0
0	0
0	0
0	0
0	0
0	0
0	0
0	0
0	0
0	0
0	0
0	0
0	0
0	0
0	0
0	0
0	0
0	0
0	0
0	0
0	0
0	0
0	0
0	0
0	0
0	0
0	0
0	0
0	0
0	0
0	0
0	0
0	0
0	0
0	0
0	0
0	0
0	0
0	0
0	0
0	0
0	0
0	0
0	0
0	0
0	0
0	0
0	0
0	0
0	0
0	0
0	0
0	0
0	0
0	0
0	0
0	0
0	0
0	0
0	0
0	0
0	0
0	0
0	0
0	0
0	0
0	0
0	0
0	0
0	0
0	0
0	0
0	0
0	0
0	0
0	0
0	0
0	0
0	0
0	0
0	0
0	0
0	0
0	0
0	0
0	0
0	0
0	0
0	0
0	0
0	0
0	0
0	0
0	0
0	0
0	0
0	0
0	0
0	0
0	0
0	0
0	0
0	0
0	0
0	0
0	0
0	0
0	0
0	0
0	0
0	0
0	0
0	0
0	0
0	0
0	0
0	0
0	0
0	0
0	0
0	0
0	0
0	0
0	0
0	0
0	0
0	0
0	0
0	0
0	0
0	0
0	0
0	0
0	0
0	0
0	0
0	0
0	0
0	0
0	0
0	0
0	0
